reaction_id,reaction_formula,dG0_r,dG_r_lb,dG_r_ub,flux_lb,flux_ub,metabolomics_coverage,dG_coverage,is_feasible
CSND,csn_c + h2o_c + h_c --> nh4_c + ura_c,450.7733976920821,365.012764126493,451.54011672993835,0.0,0.03396711180129311,0.25,1.0,True
G6PDH2r,nadp_c + g6p_c --> nadph_c + 6pgl_c + h_c,-8.452756053091889,-55.15276756487732,7.342044099007197,0.000199999999919931,14.5916389027973,0.75,1.0,True
MEOHtrpp_reverse,meoh_c --> meoh_p,-11.869119260760755,-74.92524219220319,31.012019557281192,1.2886914113338681e-06,1.2886914113338681e-06,0.0,1.0,True
ACt2rpp_reverse,ac_c + h_c --> ac_p + h_p,-8.905101704131084,-123.44550145595404,3.987986634967868,1.9170000003624,2.343,0.5,1.0,True
GUAPRT,gua_c + prpp_c --> ppi_c + gmp_c,-2104.77371898744,-2118.034789976199,-2056.869064306248,1.28210331240552e-10,0.05476984717673217,0.5,1.0,True
NTD10,xmp_c + h2o_c --> pi_c + xtsn_c,284.9575450438207,218.46876834244878,295.1553091268276,2.59046117889739e-10,0.05476984730701864,0.0,1.0,False
NTD11,imp_c + h2o_c --> ins_c + pi_c,-5.4885688833235236,-61.02424128357558,-20.77044696371739,0.0,1.06858131312263,0.5,1.0,True
NTD12,dimp_c + h2o_c --> din_c + pi_c,472.198675692871,405.70989899149896,482.3964397758778,0.0,0.000301517126499697,0.0,1.0,True
NACODA,acg5sa_c + h2o_c --> glu5sa_c + ac_c,-36.68569894030196,-123.46035981555018,-21.65156387469895,0.0,2.429365890866774,0.0,1.0,True
3pg_to_ser_DASH_L,nad_c + 3pg_c + h2o_c + glu_DASH_L_c --> ser_DASH_L_c + akg_c + nadh_c + pi_c + h_c,7.911348476592082,-92.45745659743677,5.819634587353946,9.9999999999989e-05,3.4156670458584455,0.625,1.0,True
P5CD,nad_c + 2 h2o_c + 1pyr5c_c --> nadh_c + glu_DASH_L_c + h_c,-505.3550064303413,-563.9922205688885,-484.35913340635165,0.0,4.346337004551632,0.6,1.0,True
FBA_reverse,dhap_c + g3p_c --> fdp_c,-21.557454596088064,-14.066297962745097,30.486211019926223,0.0,2.45233541015801,0.6666666666666666,1.0,True
P5CR,nadph_c + 2 h_c + 1pyr5c_c --> nadp_c + pro_DASH_L_c,-41.04621950435444,-76.0310219921451,12.24410956027559,0.13840416888585022,0.13949834942165482,0.5,1.0,True
PG161abcpp,atp_c + pg161_c + h2o_c --> adp_c + pg161_p + pi_c + h_c,-29.82129236435503,-1996284.6022195271,2003847.7419206065,0.005402838742017286,0.005425974778338251,0.3333333333333333,0.7142857142857143,True
METSOXR2,metsox_DASH_R_DASH_L_c + trdrd_c --> trdox_c + met_DASH_L_c + h2o_c,361.17737204884435,-999674.5274986159,1000413.2866142639,0.0,1.3652263778073557,0.2,0.8,True
ADK4_reverse,adp_c + idp_c --> amp_c + itp_c,2.8738544778793766,-32.060103151110695,22.07261088881799,1.3844991819667e-10,1000.0,0.75,1.0,True
ATPM,atp_c + h2o_c --> adp_c + pi_c + h_c,-29.82129236435503,-88.90168083971467,-45.61878396795016,7.59999999997686,7.60000000000048,0.5,1.0,True
METSOXR1,metsox_DASH_S_DASH_L_c + trdrd_c --> trdox_c + met_DASH_L_c + h2o_c,361.17737204884435,-999674.5274986159,1000413.2866142639,5.99396088318827e-11,1.365226377867404,0.2,0.8,True
GLCtexi,glc_DASH_D_e --> glc_DASH_D_p,0.0,-87.68115065626598,87.68115065626598,7.88683762259023,8.14000000000001,1.0,1.0,True
PHETA1_reverse,glu_DASH_L_c + phpyr_c --> akg_c + phe_DASH_L_c,0.11402369267392487,-34.96376813896276,1.8379125486446881,0.11599575827986788,0.119619775811137,1.0,1.0,True
MN2tpp,mn2_p --> mn2_c,0.0,-6146.950259248804,-6048.303777068557,0.0004239794743288464,0.0004257950392542121,0.5,1.0,True
DAPE_reverse,26dap_DASH_M_c --> 26dap_DASH_LL_c,1.6542798680000033,-24.595978028231894,27.9045377642319,0.0,0.00565908130659265,0.0,1.0,True
KAS15,malACP_c + accoa_c + h_c --> co2_c + actACP_c + coa_c,-336.5160516417957,-1000397.727863923,999680.6947964488,0.20179940982928726,0.20266355527177873,0.4,0.8333333333333334,True
FOMETRi,5fthf_c + h_c --> h2o_c + methf_c,278.54430117862205,250.53428844327493,327.22082922765395,0.0,32.2124402413067,0.0,1.0,True
G5SADs,glu5sa_c --> h2o_c + 1pyr5c_c + h_c,446.2147063044308,418.20469356908364,494.89123435346266,0.13840416888584692,4.484741172919748,0.0,1.0,False
PSCVT_reverse,3psme_c + pi_c --> skm5p_c + pep_c,-19.332182878943968,-70.38318737879754,14.381766817969236,0.019735748639565398,0.03731707298213273,0.25,1.0,True
PHETA1,akg_c + phe_DASH_L_c --> glu_DASH_L_c + phpyr_c,-0.11402369267392487,-1.8379125486446881,34.96376813896276,0.0,0.003624017531266732,1.0,1.0,True
SUCOAS_reverse,adp_c + succoa_c + pi_c --> succ_c + atp_c + coa_c,1.5297816010413499,-25.522952209717616,45.00140062101064,0.0,0.3379238132599644,0.6666666666666666,1.0,True
PYNP2r,uri_c + pi_c --> r1p_c + ura_c,3.7851844829469883,-32.04994663161379,23.03374251209749,0.0001,1.1075642595372224,0.5,1.0,True
EX_etoh_LPAREN_e_RPAREN_,etoh_e --> ,-74.98921084125709,-7.959220853841927,0.47878839004967233,0.0,-0.0,1.0,1.0,True
PGM_reverse,3pg_c --> 2pg_c,4.129953475453249,-22.12030442077842,30.38021137168492,7.478265050070071,16.1207089942988,0.0,1.0,True
hom_DASH_L_and_cyst_DASH_L_to_pyr_hcys_DASH_L,succoa_c + cys_DASH_L_c + hom_DASH_L_c + h2o_c --> succ_c + nh4_c + coa_c + hcys_DASH_L_c + h_c + pyr_c,253.32599541247077,115.15015542073667,291.25122890380896,0.10071445552427061,0.10114573497056177,0.3333333333333333,1.0,False
NTPP9,h2o_c + itp_c --> imp_c + ppi_c + h_c,-18.908795822867432,-67.58189261431315,-23.7656856509021,8.78719319530319e-11,0.13321858899927,0.5,1.0,True
NTPP8,utp_c + h2o_c --> ump_c + ppi_c + h_c,-47.697906642164526,-111.64221415316719,-53.76185479230231,1.09365405620565e-10,0.031442131180798485,0.5,1.0,True
EX_meoh_LPAREN_e_RPAREN_,meoh_e --> ,5.8807454058286055,1.6617407838828084,81.34874463713537,1.2886914113338715e-06,1.2886914113338715e-06,0.0,1.0,False
NTPP6,atp_c + h2o_c --> ppi_c + amp_c + h_c,-43.433992507559196,-105.9154858405626,-62.23487285295966,1.76065384493995e-10,4.863618970450043,0.5,1.0,True
NTPP5,datp_c + h2o_c --> ppi_c + damp_c + h_c,-96.95019643122669,-160.45115315525717,-111.01692625094185,0.0179025251392412,4.881521495413576,0.5,1.0,True
NTPP4,ctp_c + h2o_c --> cmp_c + ppi_c + h_c,-47.00945257539388,-107.92672029691946,-49.081957157538916,0.0,0.03576923822958464,0.5,1.0,True
NTPP3,dctp_c + h2o_c --> ppi_c + dcmp_c + h_c,-202.06168886534215,-268.5840761193876,-210.2678052195636,0.0,4.863618970275584,0.5,1.0,True
NTPP2,gtp_c + h2o_c --> ppi_c + gmp_c + h_c,-47.954458197997155,-112.25507620849714,-54.01149236098859,1.11033626737367e-10,4.863618970386498,0.5,1.0,True
NTPP1,h2o_c + dgtp_c --> ppi_c + dgmp_c + h_c,-202.89644704075,-277.25923161613406,-184.82467508373117,0.0,4.863618970704552,0.0,1.0,True
ACODA,acorn_c + h2o_c --> orn_c + ac_c,-424.38048705731455,-503.84514142843074,-416.65635849584345,0.21180904272067647,2.0930593879033035,0.0,1.0,True
ACOTA_reverse,acg5sa_c + glu_DASH_L_c --> akg_c + acorn_c,847.3328634209116,793.8477355669522,871.2720786788352,0.21180904272069848,2.89591377421277,0.5,1.0,False
MOX_reverse,h2o2_c + oaa_c --> o2_c + mal_DASH_L_c,102.9671423669397,81.97036113121311,134.03860128527816,0.0001,0.49477103984139,0.25,1.0,False
MEOHtex_reverse,meoh_p --> meoh_e,0.0,-79.68700385325255,79.68700385325255,1.2886914113338681e-06,1.2886914113338681e-06,0.0,1.0,True
RPE_reverse,xu5p_DASH_D_c --> ru5p_DASH_D_c,3.5032280000000355,-17.180987735221766,18.176672312062085,0.0,0.535005427927063,0.5,1.0,True
NDPK8_reverse,adp_c + datp_c --> dadp_c + atp_c,-6.248660390250734,-23.034422543789702,18.356172814533842,0.000100000037560222,999.9661144796318,1.0,1.0,True
GUACYC,gtp_c --> 35cgmp_c + ppi_c,36.266081898336324,-18.094954195488757,40.43785998773434,0.0,4.863618970509402,0.3333333333333333,1.0,True
COFACTOR_8_amet,nad_c + 2 h_c + 2 amet_c + ocACP_c + 4fe4s_c --> ACP_c + 2 met_DASH_L_c + nadh_c + lipopb_c + 2fe2s_c + 2 dad_DASH_5_c + 2 fe2_c,1050.3585718529048,-3999262.2609747406,4001076.108433935,1.9330371170007736e-06,1.9330371170007736e-06,0.2727272727272727,0.6666666666666666,True
PTAr_reverse,coa_c + actp_c --> pi_c + accoa_c,-9.331420017304254,-22.637008247584426,29.535394227788125,0.0,2.7665405627868,0.5,1.0,True
PUNP3,gsn_c + pi_c --> gua_c + r1p_c,10.85354229789732,-24.71879353631344,33.381578276081,2.27622365400748e-10,0.504159870431228,0.5,1.0,True
CMPN,cmp_c + h2o_c --> r5p_c + csn_c,42.11516104538623,-28.084775546617536,39.92037627434109,0.0,0.033967111801366245,0.5,1.0,True
GLBRAN2,glycogen_c --> bglycogen_c,1000.6104201018179,-999025.0758364245,1001026.2966766282,2.3524493464322e-10,9.02865733307928,0.0,0.5,True
CYTBO3_4pp,0.5 o2_c + q8h2_c + 4 h_c --> 4 h_p + h2o_c + q8_c,-145.3507606267126,-15786.657466632481,-15671.808111675387,22.271756234817442,31.998994176233285,0.0,1.0,True
GHBDHx_reverse,ghb_c + nad_c --> sucsal_c + nadh_c + h_c,-5.179448388267019,-56.699326111874306,23.365084830019285,1.43831613286238e-10,1000.0,0.5,1.0,True
PE160abcpp,atp_c + h2o_c + pe160_c --> adp_c + pe160_p + pi_c + h_c,-29.82129236435503,-2000143.5197945272,1999988.8243456064,0.020488904748797443,0.020576642337698233,0.3333333333333333,0.7142857142857143,True
PPND,pphn_c + nad_c --> nadh_c + co2_c + 34hpp_c,-8.935780159666251,-81.05528681882026,6.319130627205155,0.08648150323176651,0.0868518343291953,0.4,1.0,True
e4p_and_pep_to_3dhq,e4p_c + h2o_c + pep_c --> 2 pi_c + 3dhq_c,694.2885894630799,631.3011307172249,718.3220903935102,0.23964763223446936,0.2406738513367505,0.2,1.0,False
LSERDHr,nadp_c + ser_DASH_L_c --> 2amsa_c + nadph_c + h_c,24.317202400542328,-23.446421142348967,47.423548610138965,2.2945734201584892e-10,123.1712133589034,0.75,1.0,True
ICL,icit_c --> glx_c + succ_c,9.470897517540266,-13.012458021320569,15.740073592385329,0.000100000000000003,4.471591400673842,1.0,1.0,True
ASPTA,akg_c + asp_DASH_L_c --> oaa_c + glu_DASH_L_c,2.8706909374645875,-17.413521068393088,52.700815539357805,0.0,2.5728650462167204,0.5,1.0,True
GART,atp_c + gar_c + for_c --> adp_c + h_c + pi_c + fgam_c,-26.614679708917265,-92.2911940059878,35.92448031884369,0.0,4.912632710323173,0.3333333333333333,1.0,True
LDH_D_reverse,nadh_c + pyr_c + h_c --> lac_DASH_D_c + nad_c,-19.067817003354776,-44.181695187986094,19.739006821289905,0.0,9.6271804830128,0.75,1.0,True
EX_pi_LPAREN_e_RPAREN__reverse, --> pi_e,-1055.1032859495565,-1130.5712851808632,-1046.844802229006,0.5974025436264583,0.5999607408263499,1.0,1.0,True
METOX1s,h2o2_c + met_DASH_L_c --> h2o_c + metsox_DASH_S_DASH_L_c,-666.3224362340081,-1000650.4426702134,999393.308936118,5.99396088318827e-11,1.365226377867017,0.25,0.75,True
CYTDK2,gtp_c + cytd_c --> cmp_c + gdp_c + h_c,-533.950370333054,-583.4283272585916,-499.0102205888062,0.0,4.863618970702549,0.75,1.0,True
PPK2r,atp_c + ppi_c --> adp_c + pppi_c,2812.3073027220403,-997210.1895702004,1002816.2173081837,0.0001,49.6540410344935,0.5,0.75,True
ADK3_reverse,adp_c + gdp_c --> gtp_c + amp_c,-12.464527933519548,-34.70318936263652,16.648804759785733,9.99999369563024e-05,1.31385483306212,1.0,1.0,True
MDDCP2pp,murein5px4px4p_p + h2o_p --> ala_DASH_D_p + murein4px4px4p_p,83.95162114007633,-2000095.153219421,2000135.469782895,0.0004336446599139469,0.0004355016130973933,0.25,0.5,True
ABTA,akg_c + 4abut_c --> sucsal_c + glu_DASH_L_c,6.4365794526291324,-13.847632553228628,56.266704054522435,0.000717943613840857,4.755257291464308,0.5,1.0,True
NDPK4_reverse,adp_c + dttp_c --> atp_c + dtdp_c,12.151108011874385,-12.624485010174226,55.69050521679874,9.99998883797204e-05,999.978764942924,0.75,1.0,True
LEUTAi,glu_DASH_L_c + 4mop_c --> akg_c + leu_DASH_L_c,0.7948091260240062,-49.035315475869325,21.079021131881795,0.2820803743355324,0.2832882989280099,0.5,1.0,True
RPI_reverse,ru5p_DASH_D_c --> r5p_c,-2.0378128686875243,-9.153100841218883,9.17540865594879,0.483186702933278,5.2680430856989,1.0,1.0,True
MG2t3_2pp,mg2_p + 2 h_c --> 2 h_p + mg2_c,0.0,-13976.824872882067,-13835.355443733753,0.005317785108869249,0.005340556928518257,0.5,1.0,True
PIt2rpp,pi_p + h_p --> pi_c + h_c,3.352297963264391,2977.2582341480474,3086.298744831579,0.5974025436257935,0.5999607408263188,0.5,1.0,False
EX_fe2_LPAREN_e_RPAREN__reverse, --> fe2_e,2.09e-11,-75.46799923128586,-7.655827812926795,0.005218555870196353,0.0052409027703949305,1.0,1.0,True
PE161abcpp,atp_c + pe161_c + h2o_c --> adp_c + pe161_p + pi_c + h_c,-29.82129236435503,-2000143.5197945272,1999988.8243456064,0.015935957992554827,0.016004198952637043,0.3333333333333333,0.7142857142857143,True
GSNK,atp_c + gsn_c --> adp_c + gmp_c + h_c,-2098.080318162193,-2124.6398878143627,-2068.5083321342063,0.0,4.863618970929302,1.0,1.0,True
MDH,mal_DASH_L_c + nad_c --> nadh_c + oaa_c + h_c,24.982205762387935,-22.92086373943473,39.835253076277155,0.0,9.97187399646719,0.75,1.0,True
PPBNGS,2 5aop_c --> ppbng_c + 2 h2o_c + h_c,-237.56754757945578,-254.36143748417405,-128.36661655140767,0.0017242691083647595,0.0017316527736235133,0.0,1.0,True
QUINDH_reverse,nadh_c + 3dhq_c + 2 h_c --> quin_c + nad_c,-11.29695641506055,-44.06049425529234,44.44192593049291,3.37401218075684e-11,0.969411172648411,0.5,1.0,True
SHK3Dr,3dhsk_c + nadph_c + h_c --> nadp_c + skm_c,-158.3495773488429,-189.11537521468773,-109.2782529061586,0.260409599976321,0.276964705216426,0.5,1.0,True
SULRi,so3_c + 3 nadph_c + 5 h_c --> 3 nadp_c + 3 h2o_c + h2s_c,-108.16127164310217,-138.053399587375,38.64698197274264,0.1597055935695163,0.16038948486998214,0.4,1.0,True
ASPK,atp_c + asp_DASH_L_c --> adp_c + 4pasp_c,18.83889909781692,-25.689227098754188,44.780157833798924,0.6740771052179105,3.25365215275775,0.5,1.0,True
ASPT,asp_DASH_L_c --> nh4_c + fum_c,16.185395620312534,-35.260559124650385,26.36879318543147,0.0,2.5728650462170757,0.3333333333333333,1.0,True
PTAr,pi_c + accoa_c --> coa_c + actp_c,9.331420017304254,-29.535394227788125,22.637008247584426,0.0,9.75916090981795,0.5,1.0,True
EX_co_LPAREN_e_RPAREN_,co_e --> ,0.0,-1000000.0,1000071.2489946093,0.0001436890923637223,0.00014430439780195944,0.0,0.0,True
CYTBDpp,q8h2_c + 0.5 o2_c + 2 h_c --> 2 h_p + h2o_c + q8_c,-145.3507606267126,-7965.853762991718,-7884.756445010192,2.8421709430404e-13,9.727237941400361,0.0,1.0,True
DTMPK_reverse,adp_c + dtdp_c --> atp_c + dtmp_c,-17.086125477778296,-46.49425308491908,21.229773742954023,9.99998705744076e-05,0.574032790452829,0.75,1.0,True
CBPS,gln_DASH_L_c + 2 atp_c + hco3_c + h2o_c --> 2 adp_c + pi_c + cbp_c + glu_DASH_L_c + 2 h_c,-23.48851340100009,-135.96447431467493,4.370628522466333,0.37768895996577,0.3931741342499204,0.5,1.0,True
SADT2,gtp_c + atp_c + h2o_c + so4_c --> ppi_c + aps_c + gdp_c + pi_c,30.772450890423897,-67.66123132504865,52.061145384499056,0.15970559356956335,0.16038948486995586,0.375,1.0,True
HCYSMT,hcys_DASH_L_c + amet_c --> met_DASH_L_c + ahcys_c + h_c,451.53254659144363,397.62041039587757,501.18253902378814,0.000849024102350882,0.4229474482473876,0.25,1.0,False
EX_succ_LPAREN_e_RPAREN_,succ_e --> ,512.3610839225595,512.2921551398672,587.8290831538662,0.0,-0.0,1.0,1.0,True
NTP10,h2o_c + itp_c --> pi_c + idp_c + h_c,-33.211629648569215,-87.21119032257855,-26.172373974323627,0.0,4.8636189702760895,0.25,1.0,True
DHAD1,23dhmb_c --> h2o_c + 3mob_c,-26.303621608226138,-53.749632973693465,21.80890507092591,0.5473961621007938,0.549740221972538,0.0,1.0,True
TMDK1,atp_c + thymd_c --> adp_c + dtmp_c + h_c,-730.7271002423377,-779.2860966799469,-710.434067112315,0.0338153973622414,4.8974343682628145,0.75,1.0,True
ADPT,ade_c + prpp_c --> ppi_c + amp_c,-19.453378252609582,-33.78160938958577,21.076658172570852,9.99999485156167e-05,0.05486984699601849,0.5,1.0,True
EX_for_LPAREN_e_RPAREN_,for_e --> ,306.929505900312,302.7105012783662,382.39750513161874,0.0,-0.0,1.0,1.0,True
THFSYN,gln_DASH_L_c + 2 atp_c + gtp_c + 3 h2o_c + chor_c --> adp_c + 2 pi_c + for_c + pyr_c + 5 h_c + dhf_c + 2 ppi_c + amp_c + gcald_c,-13.35502172582801,-313.698433750661,-35.262851180594424,0.0005747563694549139,0.0005772175912081012,0.46153846153846156,1.0,True
EDA,2ddg6p_c --> g3p_c + pyr_c,16.311495310559394,-35.88784288280574,26.71922187327167,9.9999999999989e-05,5.089287743480747,0.3333333333333333,1.0,True
MNtex,mn2_e --> mn2_p,0.0,-6986.993749284018,-6842.201300715986,0.0004239794743288464,0.0004257950392542121,1.0,1.0,True
EDD,6pgc_c --> h2o_c + 2ddg6p_c,-43.37773974116362,-56.79891637462931,-12.60819834553309,9.9999999999989e-05,5.08928774386224,0.3333333333333333,1.0,True
TMDPP,pi_c + thymd_c --> 2dr1p_c + thym_c,3.276301808799303,-45.886015394909315,24.77909861319977,0.0,0.47382404738555,0.25,1.0,True
DURADx,nad_c + 56dura_c --> nadh_c + h_c + ura_c,132.09487026684474,82.15302122277635,145.80798608750456,0.0,1000.0,0.75,1.0,True
ALAGLUE_reverse,LalaLglu_c --> LalaDglu_c,0.0,-2000017.8122486523,2000017.8122486523,3.34467731288868e-11,1000.0,0.0,0.0,True
THFAT,h2o_c + methf_c --> 5fthf_c + h_c,-278.54430117862205,-327.22082922765395,-250.53428844327493,0.0,32.2124402413067,0.0,1.0,True
COASYN,4 atp_c + cys_DASH_L_c + nadph_c + ctp_c + h2o_c + asp_DASH_L_c + 3mob_c + mlthf_c --> 2 co2_c + thf_c + cmp_c + coa_c + amp_c + 2 adp_c + nadp_c + 3 ppi_c,2991.856258071347,2780.9371346658445,3094.636735132493,0.00037114312646395844,0.00037273243557844893,0.5,1.0,False
PRPPS,atp_c + r5p_c --> amp_c + prpp_c + h_c,-6.217216258276494,-48.89445772385158,13.381502018314734,0.599853830345418,0.637988535406767,0.75,1.0,True
SDPDS,sl26da_c + h2o_c --> succ_c + 26dap_DASH_LL_c,-487.283271621837,-555.2794680171847,-485.28655474600276,0.2326249083884739,0.2336210547822978,0.25,1.0,True
DHFR,dhf_c + nadph_c + h_c --> nadp_c + thf_c,-20.756065735159837,-51.52186360100478,28.315258707524478,0.016557751598444612,0.016628655203184572,0.5,1.0,True
ILETA_reverse,3mop_c + glu_DASH_L_c --> ile_DASH_L_c + akg_c,-15.727972610527502,-69.21310046448686,8.211242647396311,0.18190265878401107,0.185990896933808,0.5,1.0,True
EX_cu2_LPAREN_e_RPAREN__reverse, --> cu2_e,0.0,-1000071.2489946093,999990.7061700884,0.0004342890056195014,0.00043614871802027206,1.0,0.0,True
VALTA_reverse,3mob_c + glu_DASH_L_c --> akg_c + val_DASH_L_c,-24.874237473870835,-78.35936532783019,-0.9350222159470221,0.260409599976321,0.276964705216426,0.5,1.0,True
NH4tpp,nh4_p --> nh4_c,11.794334294743095,-3088.3800650003463,-2980.8294927738143,6.7696757561887,6.798664862038427,0.5,1.0,True
VALTA,akg_c + val_DASH_L_c --> 3mob_c + glu_DASH_L_c,24.874237473870835,0.9350222159470221,78.35936532783019,0.0,0.04276714240214874,0.5,1.0,True
HEX1,atp_c + glc_DASH_D_c --> adp_c + g6p_c + h_c,-21.10628458889323,-54.88241769366431,6.682665838135833,2.32660113397287e-10,4.863618970940372,0.75,1.0,True
FTHFD,h2o_c + 10fthf_c --> thf_c + for_c + h_c,-23.52980729960882,-107.21346629267092,-11.586674116192029,0.0,4.8636189707035795,0.0,1.0,True
PGMT_reverse,g6p_c --> g1p_c,7.4290771405871965,-8.100201934205906,10.13478573424554,0.12561004055412361,0.1261479278758282,1.0,1.0,True
imp_to_gmp,gln_DASH_L_c + imp_c + atp_c + nad_c + 2 h2o_c --> nadh_c + ppi_c + amp_c + glu_DASH_L_c + gmp_c + 3 h_c,-51.960926016275835,-172.30917835914562,-40.62117585714361,0.15242384274976054,2.5105421314624055,0.8,1.0,True
PPNDH,h_c + pphn_c --> co2_c + h2o_c + phpyr_c,-62.15449516586193,-102.9879011174656,-34.97246414062216,0.11599575827986973,0.11649247532155399,0.25,1.0,True
ICHORS,chor_c --> ichor_c,0.9809035604320684,-25.269354335799715,27.231161456663852,0.0007184454618186335,0.0007215219890097972,0.0,1.0,True
PGL,h2o_c + 6pgl_c --> 6pgc_c + h_c,-26.563468267218695,-61.552014284794936,-8.923287011807076,0.000199999999999978,12.831573100738375,0.3333333333333333,1.0,True
PGM,2pg_c --> 3pg_c,-4.129953475453249,-30.38021137168492,22.12030442077842,0.0,8.642443944229669,0.0,1.0,True
PGK,atp_c + 3pg_c --> adp_c + 13dpg_c,18.713318531523782,-25.814807665047326,44.654577267505786,0.0,5.947342806097319,0.5,1.0,True
PGI,g6p_c --> f6p_c,2.4813995700505984,-11.499967513900362,6.725889913524782,0.0,8.02968031999984,1.0,1.0,True
PPKr,atp_c + pi_c --> adp_c + ppi_c,-13.096217336868904,-39.81209488109977,-4.967207253227144,5.44735367924432e-11,1.32983497507691,0.5,1.0,True
SUCOAS,succ_c + atp_c + coa_c --> adp_c + succoa_c + pi_c,-1.5297816010413499,-45.00140062101064,25.52295220971761,0.0,0.335599276335022,0.6666666666666666,1.0,True
NADPHQR4,2dmmq8_c + h_c + nadph_c --> nadp_c + 2dmmql8_c,-1355.4133239571847,-1001385.6151204532,998693.0939991156,0.0,5.480164048828591,0.5,0.8,True
FE2tpp,fe2_p --> fe2_c,0.0,-6142.366206383148,-6048.303777068557,0.005218555870196221,0.0052409027703949305,0.5,1.0,True
PUNP3_reverse,gua_c + r1p_c --> gsn_c + pi_c,-10.85354229789732,-33.381578276081,24.71879353631344,0.0,0.504461387825628,0.5,1.0,True
CRNCDH_reverse,ctbtcoa_c + h2o_c --> crncoa_c,148.19964692253393,-1999884.1648640085,2000159.89764254,0.0,-0.0,0.0,0.3333333333333333,True
OCBT,orn_c + cbp_c --> pi_c + citr_DASH_L_c + h_c,-30.249692439528758,-63.99634268006738,15.143260793598074,0.1851978427227558,0.185990896933808,0.25,1.0,True
FADRx,fad_c + nadh_c + h_c --> nad_c + fadh2_c,-17.825632760722783,-27.192923137598854,18.196971749406657,3.06625835833074e-11,0.000418455062044268,0.75,1.0,True
FTHFLi,atp_c + thf_c + for_c --> adp_c + pi_c + 10fthf_c,-6.2914850647466665,-60.43898823573933,44.7186638369371,0.000100000133217648,0.564921782453273,0.3333333333333333,1.0,True
CRNCDH,crncoa_c --> ctbtcoa_c + h2o_c,-148.19964692253393,-2000159.89764254,1999884.1648640085,0.0,4.86416462663897e-15,0.0,0.3333333333333333,True
MCTP1Bpp,murein5p5p_p --> alaala_p + murein5px3p_p,21.705631603836423,-2000128.666365489,2000100.8286340872,9.99998691293413e-05,0.0007005749112836182,0.0,0.3333333333333333,True
GHMT2r_reverse,gly_c + h2o_c + mlthf_c --> thf_c + ser_DASH_L_c,6.742503536366712,-48.99581962657086,48.166062142074935,0.0,0.679213110680013,0.2,1.0,True
EX_mobd_LPAREN_e_RPAREN__reverse, --> mobd_e,0.0,-1000071.2489946093,999982.1877513477,8.827536167637708e-05,8.865337443438765e-05,1.0,0.0,True
PPM_reverse,r5p_c --> r1p_c,11.555625357578037,-5.223638328068148,30.24772691427902,0.0001,0.8279301790092735,0.5,1.0,True
FRD3,fum_c + 2dmmql8_c --> succ_c + 2dmmq8_c,1297.4735853424233,-998739.3394870731,1001330.2162507321,9.999983242181539e-05,25.38102479589829,0.5,0.75,True
CO2tpp_reverse,co2_c --> co2_p,0.0,11.662227980866808,28.538246468649895,16.523176130123648,17.317844705960514,0.5,1.0,False
G3PD2_reverse,dhap_c + nadph_c + h_c --> nadp_c + glyc3p_c,-21.190705746266303,-37.925948901415836,7.75095409776403,0.104607359990036,5.584771408555724,1.0,1.0,True
ALATA_L_reverse,pyr_c + glu_DASH_L_c --> ala_DASH_L_c + akg_c,-0.15857066835212663,-46.55804023659035,7.41258743854317,0.36165887996724,0.384650739021297,0.75,1.0,True
PUNP4_reverse,2dr1p_c + gua_c --> pi_c + dgsn_c,-2562.66173518193,-2584.754491154748,-2506.4235166612993,0.0,1000.0,0.25,1.0,True
GLCP2,pi_c + bglycogen_c --> g1p_c,-208.2317771047026,-1000208.320120458,999827.257177855,1.35060185257885e-10,8.072007591356657,0.3333333333333333,0.6666666666666666,True
RHCCE,rhcys_c --> hcys_DASH_L_c + dhptd_c,322.4352562695746,250.21285767311457,343.5836443700742,0.001712447347944776,0.4238108715662222,0.0,1.0,False
CBL1abcpp,atp_c + h2o_c + cbl1_p --> adp_c + cbl1_c + pi_c + h_c,-29.82129236435503,-1997049.8526117615,2003064.6792797197,0.0001436890923637159,0.00014430439780195944,0.5,0.7142857142857143,True
FUM_reverse,mal_DASH_L_c --> h2o_c + fum_c,3.448270285779472,0.3955109935941188,26.904320525153913,0.0,6.97100585843852,0.6666666666666666,1.0,True
ADK4,itp_c + amp_c --> adp_c + idp_c,-2.8738544778793766,-22.07261088881799,32.06010315111069,0.0,1000.0,0.75,1.0,True
CYSS,h2s_c + acser_c --> cys_DASH_L_c + ac_c + h_c,-49.156945814649106,-105.8764662290586,7.562574599760346,0.15970559356954753,1.7478260737240094,0.0,1.0,True
IPMD,3c2hmp_c + nad_c --> nadh_c + 3c4mop_c + h_c,28.65723950848792,-30.172644719251416,64.51177923090638,0.2820803743355267,0.2832882989280099,0.5,1.0,True
ADK3,amp_c + gtp_c --> adp_c + gdp_c,12.464527933519548,-16.648804759785733,34.70318936263652,9.99999999999998e-05,16.10795057817398,1.0,1.0,True
SERAT_reverse,coa_c + acser_c --> ser_DASH_L_c + accoa_c,7.035467073850668,-11.586547169925538,42.12094489761447,0.0,3.133032987358304,0.75,1.0,True
PAPSR,paps_c + trdrd_c --> pap_c + trdox_c + so3_c + 2 h_c,-60.30295049168103,-167.21361622826424,-4.466295251057588,0.1597055935695205,0.16038948486997948,0.0,1.0,True
5DOAN,dad_DASH_5_c + h2o_c --> ade_c + 5drib_c,132.76386916120646,-999944.7549095813,1000125.8227923678,0.0002925329503728095,0.00029378563498694884,0.25,0.75,True
ADK1,amp_c + atp_c --> 2 adp_c,0.5164828063352616,-23.763101405953655,12.613693157484605,9.9999999999989e-05,16.10795057816852,1.0,1.0,True
DURADx_reverse,nadh_c + ura_c + h_c --> nad_c + 56dura_c,-132.09487026684474,-145.80798608750456,-82.15302122277635,0.0,1000.0,0.75,1.0,True
SERt2rpp_reverse,ser_DASH_L_c + h_c --> ser_DASH_L_p + h_p,-20.6538200731016,-3989.1490906730664,-3882.6129694959723,0.003190799934462672,0.0032044635780955296,0.5,1.0,True
5MTRtex_reverse,5mtr_p --> 5mtr_e,0.0,-86.99701035738458,86.99701035738458,0.004345467439018154,0.004364075599894235,0.0,1.0,True
PE181abcpp,atp_c + h2o_c + pe181_c --> adp_c + pi_c + pe181_p + h_c,-29.82129236435503,-2000143.5197945272,1999988.8243456064,0.00821347471013652,0.008248646451935323,0.3333333333333333,0.7142857142857143,True
ASAD_reverse,4pasp_c + nadph_c + h_c --> nadp_c + pi_c + aspsa_c,21.573931352444447,-31.223119787686457,57.052011764734004,0.6740771052178509,3.25365215275775,0.4,1.0,True
FBA3_reverse,dhap_c + e4p_c --> s17bp_c,78.1990269622138,65.31722890442117,134.38335281341267,9.99999031527921e-05,999.9999,0.3333333333333333,1.0,False
2obut_and_pyr_to_3mop,2obut_c + nadph_c + pyr_c + 2 h_c --> nadp_c + co2_c + 3mop_c + h2o_c,-48.12087163008384,-85.96752330695104,36.60018220099903,0.1819026587840059,0.1826816023582061,0.42857142857142855,1.0,True
H2Otex_reverse,h2o_p --> h2o_e,0.0,-8.4380092438916,8.438009243891603,33.13692072612348,34.00273267986882,1.0,1.0,True
HXPRT,hxan_c + prpp_c --> imp_c + ppi_c,-28.796373070291338,-59.339544058380945,10.626629489362074,0.0,0.05476984704798127,0.25,1.0,True
PUNP7_reverse,r1p_c + xan_c --> pi_c + xtsn_c,-9.775385509139255,-45.645020379792705,41.54376255279407,0.0,0.4370765714109029,0.0,1.0,True
TPI,dhap_c --> g3p_c,5.453632858017045,-16.18503824757366,19.32082126105356,1.4686231363961781,7.35204673706658,0.5,1.0,True
ACONTa,cit_c --> h2o_c + acon_DASH_C_c,8.314703617072837,1.7659093065289468,28.412615881279905,0.703876159999627,7.66387062848858,0.6666666666666666,1.0,False
ACKr_reverse,adp_c + actp_c --> atp_c + ac_c,-14.56423057849588,-40.505489314477884,29.963895618075227,0.0,9.75916090981795,0.5,1.0,True
ACONTb,h2o_c + acon_DASH_C_c --> icit_c,-0.6854045400991708,-32.117403626351376,-5.493982820980138,0.7022705530390879,1000.0,0.6666666666666666,1.0,True
DURIPP,pi_c + duri_c --> 2dr1p_c + ura_c,1015.462746401736,962.0666237672754,1040.1559671268287,9.99999142532459e-05,999.9998999995132,0.25,1.0,False
DALAt2pp,ala_DASH_D_p + h_p --> ala_DASH_D_c + h_c,20.73692567043286,-3129.308439967989,-3006.4951597307218,0.017592327156446874,0.018810767361172567,0.0,1.0,True
CO2tex_reverse,co2_p --> co2_e,0.0,-8.438009243891543,8.438009243891543,16.52317613012364,17.317844705960514,1.0,1.0,True
G6PDH2r_reverse,nadph_c + 6pgl_c + h_c --> nadp_c + g6p_c,8.452756053091889,-7.342044099007197,55.15276756487732,0.0,14.5914389027973,0.75,1.0,True
PGK_reverse,adp_c + 13dpg_c --> atp_c + 3pg_c,-18.713318531523782,-44.654577267505786,25.814807665047326,8.520325428570933,14.4676682346667,0.5,1.0,True
NDPK1_reverse,adp_c + gtp_c --> gdp_c + atp_c,11.948045127184287,-10.854572493922305,40.05836534524214,0.000100000041899584,1000.0,1.0,1.0,True
DAPDC,26dap_DASH_M_c + h_c --> co2_c + lys_DASH_L_c,-187.03568999023355,-238.6685828138377,-169.29204853359067,0.2148557868631928,0.21577584232407074,0.0,1.0,True
chor_and_prpp_to_3ig3p,gln_DASH_L_c + prpp_c + chor_c --> ppi_c + co2_c + 3ig3p_c + h2o_c + glu_DASH_L_c + pyr_c,-948.4328123775281,-1029.9493464356435,-897.6331842627259,0.03558979070680782,0.03574219331028443,0.3333333333333333,1.0,True
GLCptspp,glc_DASH_D_p + pep_c --> g6p_c + pyr_c,-8.518647430372766,-48.49444765707918,67.40761536653574,7.88683762259023,8.14,1.0,1.0,True
PSCVT,skm5p_c + pep_c --> 3psme_c + pi_c,19.332182878943968,-14.381766817969236,70.38318737879754,0.260409599976321,0.276964705216426,0.25,1.0,True
DSERDHr_reverse,2amsa_c + nadph_c + h_c --> nadp_c + ser_DASH_D_c,570.5395086694577,536.1187075515467,623.2658363642079,0.0,1000.0,0.5,1.0,True
PYK,adp_c + pep_c + h_c --> atp_c + pyr_c,-23.019198168630282,-31.000715949723208,14.719127550020218,9.99999465376988e-05,8.50793822499338,1.0,1.0,True
SPMS,ametam_c + ptrc_c --> 5mta_c + spmd_c + h_c,656.8978018048156,589.2132716342085,724.5823319754227,0.004345467439017843,0.004364075599894235,0.0,1.0,False
ATPS4rpp,adp_c + 4 h_p + pi_c --> atp_c + h2o_c + 3 h_c,29.821292364354576,-16647.967609504256,-16554.05665716914,45.92053835461171,55.58761670278266,0.5,1.0,True
PDE4,h2o_c + 35cgmp_c --> gmp_c + h_c,-84.2205400963337,-127.72038641337222,-60.88908794835955,0.0,4.8636189707087425,0.3333333333333333,1.0,True
LCARR,lald_DASH_D_c + nadh_c + h_c --> 12ppd_DASH_R_c + nad_c,-18.55871467299835,-54.413254395416814,40.27116955474133,1.38743239119776e-10,0.954972614897326,0.5,1.0,True
PDE1,h2o_c + camp_c --> amp_c + h_c,-46.76269772763197,-67.8171819174889,-32.08812969006691,0.0,4.863618970901484,0.6666666666666666,1.0,True
PItex,pi_e --> pi_p,0.0,6830.871042048145,6998.324007951859,0.5974025436257935,0.5999607408263168,1.0,1.0,False
CLtex,cl_e --> cl_p,0.0,-1996617.6135061341,2003532.2110311342,0.00319079993446264,0.0032044635780955296,1.0,0.0,True
CYTK2,atp_c + dcmp_c --> adp_c + dcdp_c,16.554041452722686,-13.231832100544686,38.2045530091203,0.0,5.838253544312417,1.0,1.0,True
CRNCAR,crncoa_c --> crnDcoa_c,0.0,-2000017.8122486523,2000017.8122486523,1.48559831103512e-10,1000.0,0.0,0.0,True
NTP3,gtp_c + h2o_c --> gdp_c + pi_c + h_c,-17.87324723717029,-81.78738419354676,-23.529287762797793,0.0,1.16343859304619,0.5,1.0,True
CRNCAR_reverse,crnDcoa_c --> crncoa_c,0.0,-2000017.8122486523,2000017.8122486523,1.48559831103512e-10,1000.0,0.0,0.0,True
NTP1,atp_c + h2o_c --> adp_c + pi_c + h_c,-29.82129236435503,-88.90168083971467,-45.61878396795016,0.0,0.656956171473317,0.5,1.0,True
NTP5,ctp_c + h2o_c --> cdp_c + pi_c + h_c,-16.504496667025705,-85.17969001461384,-9.560433305457556,0.0,1.0281389142992,0.25,1.0,True
PUNP2_reverse,2dr1p_c + ade_c --> dad_DASH_2_c + pi_c,-10.445851573202276,-32.21428245881522,39.491422229979726,9.99999991400102e-05,2.5622389468161963,0.25,1.0,True
DXPS,g3p_c + h_c + pyr_c --> co2_c + dxyl5p_c,20.488198156851922,-18.957166585298722,67.83592316269394,0.004556812830476583,0.004576326014582779,0.25,1.0,True
PPKr_reverse,adp_c + ppi_c --> pi_c + atp_c,13.096217336868904,4.967207253227144,39.812094881099775,9.9999999999989e-05,22.06702137073862,0.5,1.0,False
FUM,h2o_c + fum_c --> mal_DASH_L_c,-3.448270285779472,-26.904320525153906,-0.39551099359412056,0.653458018051285,7.62446387648951,0.6666666666666666,1.0,True
ICDHyr_reverse,akg_c + co2_c + nadph_c --> nadp_c + icit_c,-5.951167325781853,-7.944910095144124,37.147465061686596,0.0,5.345413133203646,0.8,1.0,True
EX_cobalt2_LPAREN_e_RPAREN__reverse, --> cobalt2_e,0.0,-1000071.2489946093,999990.5102398118,1.5464296936005985e-05,1.5530518149089805e-05,1.0,0.0,True
DAPE,26dap_DASH_LL_c --> 26dap_DASH_M_c,-1.6542798680000033,-27.9045377642319,24.595978028231894,0.23262490838829422,0.238283989695009,0.0,1.0,True
PUNP6_reverse,2dr1p_c + hxan_c --> din_c + pi_c,-9.442063709017361,-45.31169857967081,41.87708435291608,0.0,999.999999999998,0.0,1.0,True
O2tex,o2_e --> o2_p,0.0,-97.49925250559279,97.49925250559279,15.2109506362358,16.0,1.0,1.0,True
CBL1tonex,cbl1_e + h_p --> cbl1_p + h_c,0.0,-1999703.3022102774,2000420.4473001244,0.0001436890923637159,0.00014430439780195944,1.0,0.5,True
CELLENV_10,nadh_c + 3hmrsACP_c + h_c --> myrsACP_c + h2o_c + nad_c,-216.39286539195723,-1000234.6041409535,999845.4602699885,0.08341248463570204,0.08376967358142176,0.4,0.8333333333333334,True
EX_ni2_LPAREN_e_RPAREN__reverse, --> ni2_e,0.0,-1000071.2489946093,999982.1877513477,0.0001978141316397647,0.00019866121132377373,1.0,0.0,True
ZN2tpp,zn2_p --> zn2_c,0.0,-2006138.92956087,1993943.2582136875,0.00020876800863608083,0.00020966199501271237,0.5,0.0,True
ptrc_to_4abut_1,akg_c + ptrc_c + h2o_c + nad_c --> nadh_c + 2 h_c + 4abut_c + glu_DASH_L_c,351.18120008407277,283.20109809803915,405.06535484713555,0.0007179436138304209,1.88207869618447,0.5714285714285714,1.0,False
ILETA,ile_DASH_L_c + akg_c --> 3mop_c + glu_DASH_L_c,15.727972610527502,-8.211242647396311,69.21310046448686,0.0,0.0040882381497971965,0.5,1.0,True
COFACTOR_3_amet,frdp_c + pheme_c + atp_c + nadph_c + 3 23dhba_c + 4 amet_c + tyr_DASH_L_c + nad_c + 3 seramp_c + h2o_c + fe2_c + uppg3_c + cbl1_c + 2dmmql8_c --> dad_DASH_5_c + hemeO_c + 3 ahcys_c + adocbl_c + 15 h_c + pppi_c + 6 amp_c + dhgly_c + 4crsol_c + sheme_c + nadp_c + enter_c + met_DASH_L_c + ppi_c + nadh_c + mql8_c,-197.21996868733754,-14000728.04489427,14000201.58125873,0.00014368909236372782,0.00014430439780195944,0.27586206896551724,0.6666666666666666,True
ENO,2pg_c --> h2o_c + pep_c,-4.097189299276124,-16.655044094399347,27.239639197871448,7.47826504995842,16.1207089942988,0.3333333333333333,1.0,True
NTPP7,dttp_c + h2o_c --> ppi_c + dtmp_c + h_c,-47.852527167127846,-109.8965018914725,-51.60172418585888,0.0,0.5739327905822567,0.5,1.0,True
g1p_to_glycogen,atp_c + g1p_c --> adp_c + glycogen_c + ppi_c,-805.474860333984,-867.1156914680798,-797.821508266871,0.09944973140554918,8.17145732262714,0.6,1.0,True
EX_cl_LPAREN_e_RPAREN__reverse, --> cl_e,0.0,-1000071.2489946093,1000003.6632740248,0.0031907999344625683,0.0032044635780955296,1.0,0.0,True
EX_h_LPAREN_e_RPAREN_,h_e --> ,3.65e-11,-4.219004621909297,4.219004621982297,7.638977370926462,1000.0,0,1.0,True
IPPMIb,2ippm_c + h2o_c --> 3c3hmp_c,-8.824821334948751,-56.93734801410077,18.621190030518544,0.0,0.0063402919242484534,0.0,1.0,True
IPPMIa,3c2hmp_c --> h2o_c + 2ippm_c,-2.751194780842866,-30.19720614631016,45.36133189830915,0.0,0.006340291924342434,0.0,1.0,True
GLYCtpp_reverse,glyc_p --> glyc_c,23.738235962226156,-19.142902855815798,86.7943588936686,0.00413283335614777,0.00415053097534425,0.0,1.0,True
IPPMIb_reverse,3c3hmp_c --> h2o_c + 2ippm_c,8.824821334948751,-18.621190030518544,56.93734801410077,0.28208037433546107,0.288420666259876,0.0,1.0,True
EX_mg2_LPAREN_e_RPAREN__reverse, --> mg2_e,-458.4900686435208,-533.9580678748275,-452.49093359831176,0.005317785108869636,0.005340556928518257,1.0,1.0,True
CRNBTCT_reverse,gbbtn_c + crncoa_c --> crn_c + bbtcoa_c,229.77115899388377,-1999817.9463508069,2000277.4886687945,3.9564806986192e-10,0.984540988590165,0.0,0.5,True
NDPK5_reverse,adp_c + dgtp_c --> atp_c + dgdp_c,-142.87889894460704,-173.0230759645917,-104.9265065494683,0.000100000085164975,999.9834970173904,0.75,1.0,True
ALCD2x_reverse,acald_c + nadh_c + h_c --> nad_c + etoh_c,-16.345134791957207,-44.88966801024351,35.17474293165008,0.0,3.97459842815806e-14,0.5,1.0,True
MCTP1App,murein5p5p_p --> murein5px4p_p + ala_DASH_D_p,-70.18258541283797,-2000216.8995792535,2000005.2854138184,0.007452077356389189,0.008069353953263107,0.0,0.3333333333333333,True
DM_4CRSOL,4crsol_c --> ,-303.477454185042,-294.7205811372437,-261.16031673687985,0.00014368909236373224,0.00014430439780195944,0.0,1.0,True
FRD2,fum_c + mql8_c --> mqn8_c + succ_c,-14.494438928233194,-51.87151271367981,18.812227831228554,0.000400000000010846,21.799079089692,0.5,1.0,True
GLYCTO2,glyclt_c + q8_c --> q8h2_c + glx_c,-39.99938590795466,-65.120657334858,-9.768431679664424,0.0005747563694755797,6.4854000503308065,0.5,1.0,True
ALAGLUE,LalaDglu_c --> LalaLglu_c,0.0,-2000017.8122486523,2000017.8122486523,3.34467731288868e-11,1000.0,0.0,0.0,True
MTHFR2,nadh_c + mlthf_c + 2 h_c --> 5mthf_c + nad_c,-34.79863310536757,-67.56217094559959,20.940249240185885,0.10172156786223199,0.10215715996501536,0.5,1.0,True
glu_DASH_L_to_glu5sa,atp_c + nadph_c + glu_DASH_L_c + h_c --> adp_c + nadp_c + glu5sa_c + pi_c,29.076096260052736,-50.33367230797988,45.91299262152151,9.99999999999999e-05,4.484741173110697,0.7142857142857143,1.0,True
CHORS,3psme_c --> pi_c + chor_c,455.12089902455534,403.1843846019715,471.4329161424587,0.2396476322344918,0.24067385133685346,0.0,1.0,False
H2Otpp_reverse,h2o_c --> h2o_p,-5.934559630380363,3.4630155671970595,20.33903405498026,33.15089549613817,34.01733884581483,0.5,1.0,False
CRNBTCT,crn_c + bbtcoa_c --> crncoa_c + gbbtn_c,-229.77115899388377,-2000277.4886687945,1999817.9463508069,3.9564806986192e-10,0.984540988590165,0.0,0.5,True
CELLENV_11,malACP_c + ocACP_c + nadph_c + 2 h_c --> nadp_c + ACP_c + tdec2eACP_c + co2_c + h2o_c,-602.6357768934188,-2000670.482205304,1999470.2934420407,0.2017974767921827,0.2026616139570101,0.25,0.7777777777777778,True
ADSK,atp_c + aps_c --> adp_c + paps_c + h_c,85.7512658259684,33.34913175538527,119.56653243596197,0.15970559356949027,0.160389484869983,0.5,1.0,False
imp_to_amp,imp_c + gtp_c + asp_DASH_L_c --> fum_c + pi_c + amp_c + gdp_c + 2 h_c,20.046814931919926,-53.23179756179607,58.83586256378453,0.1870935080717428,1.7772549508873934,0.7142857142857143,1.0,True
glu_DASH_L_to_acg5p,atp_c + accoa_c + glu_DASH_L_c --> adp_c + coa_c + acg5p_c + h_c,71.40505368037714,0.5251496549068548,86.91934340359292,0.2118090427206932,2.641174933586998,0.8333333333333334,1.0,False
LDH_D2,lac_DASH_D_c + q8_c --> q8h2_c + pyr_c,-60.17428776188979,-92.05008962719629,-21.005015627227223,1.82909243306995e-14,6.484825293961157,0.25,1.0,True
GSPMDA,h2o_c + gtspmd_c --> gthrd_c + spmd_c,702.5148240519864,633.560359647236,719.2419073282186,0.0,4.863618970930396,0.25,1.0,True
PUNP1_reverse,r1p_c + ade_c --> pi_c + adn_c,-8.231949332764088,-31.351911996892554,26.981132248574042,0.0001,0.58859014136843,0.5,1.0,True
ALATA_L,akg_c + ala_DASH_L_c --> glu_DASH_L_c + pyr_c,0.15857066835212663,-7.41258743854317,46.55804023659035,0.0,0.042767142402266645,0.75,1.0,True
CYTK1_reverse,adp_c + cdp_c --> cmp_c + atp_c,-17.408738571498816,-42.90207818555042,25.41282618549036,0.000100000146209034,0.03586923837577482,0.75,1.0,True
GSPMDS,spmd_c + atp_c + gthrd_c --> adp_c + pi_c + gtspmd_c + h_c,-732.336116416342,-799.7055789240418,-687.6171528590778,0.0,4.863618970925529,0.5,1.0,True
ADNCYC,atp_c --> camp_c + ppi_c,3.3287052200726066,-47.54851689311904,-20.696530192847828,0.0,4.863618970697067,0.6666666666666666,1.0,True
TRPAS2,h2o_c + trp_DASH_L_c --> nh4_c + pyr_c + indole_c,23.732855248707153,-67.66468931454565,13.15727542563792,0.0,0.0715460189144559,0.4,1.0,True
EX_zn2_LPAREN_e_RPAREN__reverse, --> zn2_e,0.0,-1000071.2489946093,999993.1265312958,0.0002087680086361035,0.00020966199501271237,1.0,0.0,True
MPTG,2 uaagmda_c --> 2 udcpdp_c + murein5p5p_p + 2 h_c,-119.36605873771805,-1000266.1735913916,999956.1924793068,0.008667738432632383,0.008704855422564835,0.0,0.75,True
CYSDS,cys_DASH_L_c + h2o_c --> nh4_c + h2s_c + pyr_c,-4.732124710990831,-110.1458593792405,-12.850527483039201,2.63782051757033e-14,1.5881204800900042,0.2,1.0,True
TMDS,dump_c + mlthf_c --> dhf_c + dtmp_c,-58.46015471827866,-98.83971829791803,-13.445976853761323,0.015982995229068292,0.016051437612007193,0.5,1.0,True
GLYCL,nad_c + thf_c + gly_c --> nh4_c + co2_c + nadh_c + mlthf_c,24.018745663243408,-70.6960156400762,61.86891109428099,9.99999999999994e-05,0.8092925169636405,0.2857142857142857,1.0,True
PDH,coa_c + nad_c + pyr_c --> co2_c + nadh_c + accoa_c,-35.48316381458926,-65.5410892477852,-10.386509799491407,4.4768815725787805,13.1620043413326,0.8333333333333334,1.0,True
PUNP5_reverse,hxan_c + r1p_c --> ins_c + pi_c,-8.623791061909856,-49.09147038578946,26.19718197125239,8.61870574908608e-11,1000.0,0.25,1.0,True
MLDCP1App,murein5px4p_p + h2o_p --> alaala_p + murein3px4p_p,175.83983815675072,-2000006.9200056563,2000231.013003164,0.0003898291519284985,0.000696016461091808,0.25,0.5,True
GLYCPHOSPHOLIPID_9,glyc3p_c + cdpdhdec9eg_c + h2o_c --> cmp_c + pi_c + pg161_c + h_c,-728.766257221334,-2000801.7817664654,1999285.0272242725,0.008263089329472851,0.008298473530996987,0.3333333333333333,0.7142857142857143,True
GLYCPHOSPHOLIPID_8,glyc3p_c + 2 palmACP_c + ctp_c + h_c --> 2 ACP_c + ppi_c + cdpdhdecg_c,1678.6679836849428,-2998391.484974653,3001757.1579650324,0.03908021139440564,0.03924756067751857,0.3333333333333333,0.7142857142857143,True
GALUi,utp_c + g1p_c + h_c --> ppi_c + udpg_c,2473.988157653346,2441.8108465636515,2510.763577716342,0.02100824738756617,0.021098208905538502,0.5,1.0,False
NADSYN_aerobic,3 atp_c + nh4_c + o2_c + dhap_c + prpp_c + asp_DASH_L_c --> adp_c + h2o2_c + pi_c + 3 ppi_c + nadp_c + co2_c + 2 h2o_c + amp_c,2036.3443057644017,1926.5464360152578,2144.9878060274864,0.0014684638632014302,0.0014747521192391422,0.35714285714285715,1.0,False
GLYCPHOSPHOLIPID_1,glyc3p_c + ctp_c + 2 octeACP_c + h_c --> 2 ACP_c + ppi_c + cdpdodec11eg_c,1678.6679836849428,-2998391.484974653,3001757.1579650324,0.015665977141880266,0.01573306198995085,0.3333333333333333,0.7142857142857143,True
I2FE2SS,2 iscssh_c + fadh2_c + iscu_c + 2 fe2_c --> fad_c + 2 iscs_c + iscu_DASH_2fe2s_c + 6 h_c,-50.36758570896177,-6000115.047591481,6000112.780471426,0.00017590637764707196,0.00017665964394589654,0.14285714285714285,0.5,True
GLYCPHOSPHOLIPID_3,glyc3p_c + cdpdhdecg_c + h2o_c --> cmp_c + pi_c + pg160_c + h_c,-728.766257221334,-2000801.7817664654,1999285.0272242725,0.010623327649330841,0.010668818863501819,0.3333333333333333,0.7142857142857143,True
NI2tpp,ni2_p --> ni2_c,0.0,-2006127.990780922,1993943.2582136875,0.00019781413163975017,0.00019866121132377373,0.5,0.0,True
GLYCPHOSPHOLIPID_5,glyc3p_c + cdpdodec11eg_c + h2o_c --> cmp_c + pi_c + h_c + pg181_c,-728.766257221334,-2000801.7817664654,1999285.0272242723,0.0042584807687528125,0.004276716435305605,0.3333333333333333,0.7142857142857143,True
GLYCPHOSPHOLIPID_4,glyc3p_c + ctp_c + h_c + 2 hdeACP_c --> 2 ACP_c + cdpdhdec9eg_c + ppi_c,1678.6679836849428,-2998391.484974653,3001757.1579650324,0.030396364319132143,0.03052652763188177,0.3333333333333333,0.7142857142857143,True
I2FE2ST,iscu_DASH_2fe2s_c + 4 h_c --> 2fe2s_c + iscu_c,1.46e-10,-3000069.1313967146,3000018.057386218,1.5464296936006324e-05,1.553051814908981e-05,0.0,0.25,True
SSALy,nadp_c + sucsal_c + h2o_c --> succ_c + nadph_c + 2 h_c,-484.00553823793473,-540.3796716055846,-460.86240047067736,1.77635683940025e-15,4.755257291363603,0.6,1.0,True
COFACTOR_11_amet,atp_c + 4 nadph_c + 3 amet_c + 2 malACP_c + malcoa_c + iscssh_c + ala_DASH_L_c + iscu_c + 2fe2s_c --> 2 co2_c + dad_DASH_5_c + pi_c + btn_c + ahcys_c + 2 h_c + coa_c + h2o_c + adp_c + iscu_DASH_2fe2s_c + met_DASH_L_c + 2 ACP_c + meoh_c + 4 nadp_c + iscs_c + amob_c,-360.42784485360517,-5000729.6224896135,4999932.869884419,1.2886914113338785e-06,1.2886914113338785e-06,0.25,0.8,True
SERD_D,ser_DASH_D_c --> pyr_c + nh4_c,-620.7271457439438,-672.9264839373092,-610.3194191812313,8.44213587924969e-11,2.358118289118324,0.3333333333333333,1.0,True
ASPTA_reverse,oaa_c + glu_DASH_L_c --> akg_c + asp_DASH_L_c,-2.8706909374645875,-52.700815539357805,17.413521068393088,1.8366616857414173,4.40952673195802,0.5,1.0,True
SDPTA_reverse,sl2a6o_c + glu_DASH_L_c --> akg_c + sl26da_c,-0.4058988307679101,-50.23602343266124,19.87831317508988,0.23262490838839106,0.238283989695009,0.5,1.0,True
DADK_reverse,adp_c + dadp_c --> atp_c + damp_c,-47.78402633975156,-64.69632805601992,-22.79373467893238,9.9999885873614e-05,1.01687188164772,1.0,1.0,True
SERD_L,ser_DASH_L_c --> nh4_c + pyr_c,-25.87043467394372,-73.10706871545017,-26.777163019545522,5.55111512312578e-15,2.3581182888266645,0.6666666666666666,1.0,True
EX_fe3_LPAREN_e_RPAREN__reverse, --> fe3_e,-11.844072708694934,-87.31207194000169,-10.189117805242219,0.004786199901693852,0.004806695367143295,1.0,1.0,True
EX_pyr_LPAREN_e_RPAREN_,pyr_e --> ,340.70948569390447,336.4904810719587,416.1774849252112,0.0,-0.0,0.0,1.0,True
DM_MTHTHF,mththf_c --> ,0.0,-999983.3691190782,1000034.4431295742,0.0017124473479442764,0.42381087157558056,0.0,0.0,True
NADH17pp,mqn8_c + nadh_c + 4 h_c --> 3 h_p + mql8_c + nad_c,-43.20238818502594,-19578.149356429883,-19447.45689002464,0.0,30.03382692719523,0.5,1.0,True
UPPRT,ura_c + prpp_c --> ump_c + ppi_c,-548.7987094235332,-566.0662331503869,-505.4702369138195,0.0,0.054769847047810405,0.5,1.0,True
SUCDi,succ_c + q8_c --> fum_c + q8h2_c,-21.54527765198577,-46.94028438325317,5.931207509314945,0.5585589631652539,25.8227092110004,0.5,1.0,True
GAPD_reverse,13dpg_c + nadh_c + h_c --> nad_c + pi_c + g3p_c,-0.29952346346487957,-50.8753099560368,37.627110229748,0.0,5.947342805852074,0.4,1.0,True
POX,h2o_c + q8_c + pyr_c --> co2_c + q8h2_c + ac_c,-149.77937150538094,-226.65346482020948,-138.73237233245754,2.75335310107039e-14,2.77921084040317,0.16666666666666666,1.0,True
CLt3_2pp,2 cl_p + h_c --> h_p + 2 cl_c,0.0,-3997875.2547590183,4002327.0702940426,0.00159539996723132,0.0016022317890477648,0.5,0.5,True
CELLENV_2,hdeACP_c + nadh_c + malACP_c + nadph_c + 3 h_c --> nadp_c + ACP_c + co2_c + h2o_c + octeACP_c + nad_c,-670.8289953628421,-2000740.9696990955,1999427.3698433987,0.03133195428376065,0.0314661239799017,0.4,0.8181818181818182,True
CYTD,h2o_c + cytd_c + h_c --> uri_c + nh4_c,-15.418123483784257,-97.31212303296978,-17.380978568200995,0.0,0.03396711180131795,0.25,1.0,True
TKT1_reverse,s7p_c + g3p_c --> xu5p_DASH_D_c + r5p_c,4.024730600392559,-33.56162339969316,37.656094270274565,0.0,0.122457737088763,0.5,1.0,True
NDPK8,atp_c + dadp_c --> adp_c + datp_c,6.248660390250734,-18.356172814533842,23.03442254378971,0.03398552040586943,1000.0,1.0,1.0,True
RPE,ru5p_DASH_D_c --> xu5p_DASH_D_c,-3.5032280000000355,-18.176672312062085,17.180987735221763,0.0,8.598520920479059,0.5,1.0,True
DSERDHr,nadp_c + ser_DASH_D_c --> 2amsa_c + nadph_c + h_c,-570.5395086694577,-623.2658363642079,-536.1187075515467,0.0,999.9999999999155,0.5,1.0,True
NDPK2,atp_c + udp_c --> adp_c + utp_c,-12.21788715486764,-41.44753280932053,9.490363684032204,0.26009199383899295,996.278193700594,1.0,1.0,True
NDPK3,atp_c + cdp_c --> adp_c + ctp_c,-13.316795697328871,-54.02721980258238,14.246878314989395,0.055169222183023635,1000.0,0.75,1.0,True
NDPK1,atp_c + gdp_c --> adp_c + gtp_c,-11.948045127184287,-40.05836534524214,10.854572493922305,0.594570924242253,1000.0,1.0,1.0,True
TRDR,trdox_c + nadph_c + h_c --> nadp_c + trdrd_c,-16.334229970925776,-47.10002783677061,32.737094471758425,0.2246775485146797,1.589903926136346,0.5,1.0,True
NDPK7,atp_c + dcdp_c --> adp_c + dctp_c,142.59013771139553,111.7887727383364,162.79062075004788,0.016602982166221407,1000.0,1.0,1.0,False
NDPK4,dtdp_c + atp_c --> dttp_c + adp_c,-12.151108011874385,-55.69050521679874,12.624485010174226,0.021335056964339648,1000.0,0.75,1.0,True
NDPK5,atp_c + dgdp_c --> adp_c + dgtp_c,142.87889894460704,104.9265065494683,173.0230759645917,0.016602982694815784,1000.0,0.75,1.0,False
MCOATA,ACP_c + malcoa_c --> coa_c + malACP_c,70.08032799917032,30.068769321863172,117.63237132624728,1.4071582353948695,1.4131839684582777,0.25,1.0,False
LIPOPOLYSACCHARIDE_1,5 atp_c + dtdprmn_c + 4 udpg_c + myrsACP_c + 3 h2o_c + ddcaACP_c + 3 ckdo_c + 4 adphep_DASH_LD_c + 2 u23ga_c --> ump_c + 2 pi_c + 20 h_c + 3 cmp_c + 9 adp_c + 5 udp_c + colipa_e + dtdp_c + 2 ACP_c,-10885.109781059025,-6011564.075797533,5989507.805393108,0.005252061846891076,0.0052745522263846255,0.29411764705882354,0.7777777777777778,True
LIPOPOLYSACCHARIDE_2,2 atp_c + s7p_c + h2o_c --> adp_c + ppi_c + pi_c + adphep_DASH_LD_c,-89.11786711373406,-179.01679864740825,-83.71377835755744,0.021008247387564304,0.021098208905538502,0.42857142857142855,1.0,True
LIPOPOLYSACCHARIDE_3,2 3hmrsACP_c + uacgam_c + h2o_c --> 2 ACP_c + ac_c + u23ga_c + h_c,-1952.3087206688656,-2092.147898706457,-1884.210068440919,0.010504123693782152,0.010549104452769251,0.0,1.0,True
LIPOPOLYSACCHARIDE_4,pep_c + ara5p_c + 2 h2o_c + ctp_c --> ppi_c + ckdo_c + 2 pi_c,1223.0477011776693,-998857.8598042238,1001254.3441292736,0.015756185540673685,0.015823656679153877,0.2857142857142857,0.8571428571428571,True
CELLENV_8,dttp_c + nadph_c + 2 h_c + g1p_c --> nadp_c + ppi_c + dtdprmn_c + h2o_c,47.94533840441136,19.194629279856315,131.51842503134526,0.005252061846891076,0.0052745522263846255,0.5714285714285714,1.0,False
COtex,co_p --> co_e,0.0,-2000071.2489946093,2000071.2489946093,0.0001436890923637223,0.00014430439780195944,0.0,0.0,True
DTMPK,atp_c + dtmp_c --> adp_c + dtdp_c,17.086125477778296,-21.229773742954023,46.49425308491908,0.016082995099718396,0.590015785681898,0.75,1.0,True
G3PD7,glyc3p_c + 2dmmq8_c --> dhap_c + 2dmmql8_c,-1334.2226182109184,-1001366.0294680349,998703.683341501,3.13971071363994e-13,5.480616791306517,0.5,0.75,True
G3PD6,mqn8_c + glyc3p_c --> dhap_c + mql8_c,-22.254593940261884,-54.62544513407158,16.21536714150617,0.0,5.4806167913075,0.5,1.0,True
G3PD5,glyc3p_c + q8_c --> q8h2_c + dhap_c,-58.29431052048085,-82.7535016860962,-29.72493806285869,0.0,5.4806167913075114,0.5,1.0,True
PFK_3,atp_c + s7p_c --> adp_c + s17bp_c + h_c,78.4031185731451,33.3569899554089,102.82022727114327,9.99999999999994e-05,1.23485781133755,0.75,1.0,False
PRPPS_reverse,amp_c + prpp_c + h_c --> atp_c + r5p_c,6.217216258276494,-13.381502018314734,48.89445772385158,0.0,0.05476984704782267,0.75,1.0,True
NI2tex,ni2_e --> ni2_p,0.0,-2006968.034270957,1993138.839220957,0.00019781413163975017,0.00019866121132377373,1.0,0.0,True
MDDEP3pp,murein5px4p_p + h2o_p --> murein5p4p_p,154.1342065529143,-1999949.5026347768,2000201.4333636859,0.0,0.0005905678069498362,0.3333333333333333,0.3333333333333333,True
GARFT_reverse,thf_c + fgam_c + h_c --> gar_c + 10fthf_c,20.32319464417094,-43.70633227437059,84.35272156271247,0.0001,1000.0,0.0,1.0,True
TALA_reverse,e4p_c + f6p_c --> s7p_c + g3p_c,0.7570171334514271,-35.310570908004316,36.00394959168577,0.0,0.139216716535068,0.5,1.0,True
CITL,cit_c --> oaa_c + ac_c,5.411089036336875,-55.291594974786356,6.317070041626192,9.99999999999994e-05,1.16447351108483,0.3333333333333333,1.0,True
GLYCLTDy,glx_c + nadph_c + h_c --> nadp_c + glyclt_c,-39.485630358792434,-57.88245528460997,-9.881890253474161,0.0,5.48016404920212,1.0,1.0,True
GLYK,atp_c + glyc_c --> adp_c + glyc3p_c + h_c,-19.415590780179173,-58.74375367864168,2.9980774722903973,0.004132833356147087,0.00415053097534425,0.75,1.0,True
aspsa_to_sl2a6o,succoa_c + nadph_c + aspsa_c + pyr_c --> nadp_c + coa_c + h2o_c + sl2a6o_c,1066.442336714831,1048.0910270582724,1173.0977845423358,0.23262490838840033,0.2336210547822978,0.5,1.0,False
ACCOAC,atp_c + hco3_c + accoa_c --> adp_c + malcoa_c + pi_c + h_c,345.3734063772489,286.97027528599506,382.9869857258923,1.407179498803275,1.4132053229207326,0.5,1.0,False
OCBT_reverse,pi_c + citr_DASH_L_c + h_c --> orn_c + cbp_c,30.249692439528758,-15.143260793598074,63.99634268006738,0.0,0.0007930542110158312,0.25,1.0,True
GHMT2r,thf_c + ser_DASH_L_c --> gly_c + h2o_c + mlthf_c,-6.742503536366712,-48.166062142074935,48.99581962657086,0.0,1.3825176290070496,0.2,1.0,True
MLDCP1Bpp,murein4p4p_p + h2o_p --> ala_DASH_D_p + murein4p3p_p,83.95162114007633,-2000095.153219421,2000135.469782895,0.0001697812099882897,0.0007603490039993504,0.25,0.5,True
MLDCP3App,h2o_p + murein5px3p_p --> murein3px3p_p + alaala_p,175.83983815675072,-2000006.9200056563,2000231.013003164,2.838255509398052e-06,8.182231335578083e-05,0.25,0.5,True
AKGDH,coa_c + akg_c + nad_c --> succoa_c + nadh_c + co2_c,-28.955851762460043,-69.83089076032803,1.4669957872187354,9.99999465447626e-05,0.335727046716774,0.6666666666666666,1.0,True
DATPHs,h2o_c + datp_c + h_c --> nh4_c + ditp_c,62.717038449252414,-18.008104449050514,70.48253691226707,0.0,0.00030151712648596174,0.25,1.0,True
XPPT,prpp_c + xan_c --> xmp_c + ppi_c,-320.39408144466506,-359.91871956738464,-265.419930130666,2.59046117889739e-10,0.05476984730675152,0.0,1.0,True
ATPHs,atp_c + h2o_c + h_c --> nh4_c + itp_c,-46.25986323346933,-129.0899274582788,-67.52535586758081,8.78719319530319e-11,0.13321858899927,0.5,1.0,True
LCARR_reverse,12ppd_DASH_R_c + nad_c --> lald_DASH_D_c + nadh_c + h_c,18.55871467299835,-40.27116955474133,54.413254395416814,1.38743239119776e-10,0.954972614897326,0.5,1.0,True
NADH18pp,nadh_c + 2dmmq8_c + 4 h_c --> 3 h_p + 2dmmql8_c + nad_c,-1355.1704124556825,-1020889.5533793308,979240.0110843348,9.99998320918571e-05,22.6739408554306,0.5,0.8333333333333334,True
Htex_reverse,h_p --> h_e,0.0,-3507.2986852660197,-3490.422666778237,7.638977370922672,8.089480022694888,0,1.0,True
UDCPDPS,frdp_c + 8 ipdp_c --> udcpdp_c + 8 ppi_c,-15333.214036349525,-15443.729316545263,-15099.102650623548,3.5439013811681214e-05,3.55907707583307e-05,0.0,1.0,True
DHQTi,3dhq_c --> h2o_c + 3dhsk_c,-5.290273744515389,-25.42627860585058,35.512246430504526,0.2396476322345578,0.24067385133685346,0.0,1.0,True
IPDPS,h2mb4p_c + nadh_c + h_c --> h2o_c + ipdp_c + nad_c,1710.2890930591543,1684.2038096236988,1780.0162363136162,0.0036592392624834073,0.0036749088570085797,0.4,1.0,False
ACOTA,akg_c + acorn_c --> acg5sa_c + glu_DASH_L_c,-847.3328634209116,-871.2720786788352,-793.8477355669522,0.0,2.6841047314920723,0.5,1.0,True
DAAD,fad_c + ala_DASH_D_c + h2o_c --> nh4_c + pyr_c + fadh2_c,17.22003096708613,-56.60458455988919,32.266489177655814,8.74216254942439e-11,0.000424963164481464,0.3333333333333333,1.0,True
GLDBRAN2,bglycogen_c --> glycogen_c,-1000.6104201018179,-1001026.2966766282,999025.0758364245,1.00184749385335e-10,0.956649741722618,0.0,0.5,True
ALCD2x,etoh_c + nad_c --> acald_c + nadh_c + h_c,16.345134791957207,-35.17474293165008,44.88966801024351,0.0,-0.0,0.5,1.0,True
EX_mn2_LPAREN_e_RPAREN__reverse, --> mn2_e,-1.11e-11,-75.46799923131786,-3.07177494730207,0.00042397947432887674,0.0004257950392542121,1.0,1.0,True
ATPS4rpp_reverse,atp_c + h2o_c + 3 h_c --> adp_c + 4 h_p + pi_c,-29.821292364354576,-7946.874199311922,-7852.963246976808,0.000100000105746845,1.39615792155885,0.5,1.0,True
GTHSYN,2 atp_c + cys_DASH_L_c + gly_c + glu_DASH_L_c --> 2 adp_c + gthrd_c + 2 pi_c + 2 h_c,840.127977739875,762.785570645231,904.041786958894,0.00014368909236374384,0.00014430439780195944,0.5714285714285714,1.0,False
GAPD,pi_c + g3p_c + nad_c --> 13dpg_c + nadh_c + h_c,0.2995234634646522,-37.627110229748226,50.875309956036574,8.520325428459067,14.4676682346667,0.4,1.0,True
MTHFD_reverse,nadph_c + methf_c --> nadp_c + mlthf_c,-7.6013822092661485,-34.14817545316538,37.25093761147245,0.0,8.208201795993839,0.5,1.0,True
OCTDPS,frdp_c + 5 ipdp_c --> 5 ppi_c + octdp_c,-9583.258772718453,-9664.915921990923,-9424.35405748958,0.0004310672770911794,0.0004329131934039181,0.0,1.0,True
ASNS2,atp_c + nh4_c + asp_DASH_L_c --> ppi_c + amp_c + asn_DASH_L_c + h_c,-30.378137125244848,-81.31621014439445,16.21931981256452,4.79616346638068e-14,2.6977392545191083,0.5,1.0,True
THIAMIN,3 atp_c + nadph_c + amet_c + dhgly_c + dxyl5p_c + iscssh_c + air_c --> 2 ppi_c + dad_DASH_5_c + thmpp_c + h_c + 2 h2o_c + co_c + amp_c + 2 adp_c + met_DASH_L_c + nadp_c + for_c + iscs_c + co2_c,-1311.9296747043663,-3001596.7465938176,2998809.8863053964,0.00014368909236372887,0.00014430439780195944,0.3157894736842105,0.85,True
ASNS1,gln_DASH_L_c + atp_c + h2o_c + asp_DASH_L_c --> asn_DASH_L_c + ppi_c + amp_c + glu_DASH_L_c + h_c,-39.19195848832351,-121.74261170592486,-23.874518612373464,0.145094399986835,2.5798198769093688,0.625,1.0,True
ASPK_reverse,adp_c + 4pasp_c --> atp_c + asp_DASH_L_c,-18.83889909781692,-44.780157833798924,25.689227098754188,0.0,2.5795750475399277,0.5,1.0,True
TRPS1,ser_DASH_L_c + 3ig3p_c --> h2o_c + g3p_c + trp_DASH_L_c,-30.41738824230606,-69.38376979699326,11.304744815634287,0.0,0.035642193310284426,0.4,1.0,True
CU2tex,cu2_e --> cu2_p,0.0,-2006976.5526896978,1993147.3576396976,0.0004342890056193495,0.00043614871802027206,1.0,0.0,True
GMPR,gmp_c + nadph_c + 2 h_c --> nadp_c + imp_c + nh4_c,-0.5297993558648102,-64.17171156981507,23.275826174627333,0.0,2.358118288712924,0.8,1.0,True
CELLENV_6,actACP_c + 3 nadh_c + 2 malACP_c + 3 nadph_c + 8 h_c --> 3 nadp_c + 2 ACP_c + 2 co2_c + 3 h2o_c + 3 nad_c + ocACP_c,-1626.4869860885674,-2001749.6517071584,1998614.7413914348,0.20179940982929997,0.20266355527177873,0.4,0.8181818181818182,True
EX_co2_LPAREN_e_RPAREN__reverse, --> co2_e,-386.0,-387.06339308066805,-378.6253838367765,0.0,983.4768238698767,1.0,1.0,True
Kt2pp,h_p + k_p --> k_c + h_c,0.0,-2006199.3256677277,1993908.6499553549,0.1196485540852862,0.12016091312935358,0.5,0.5,True
NADPPPS,h2o_c + nadp_c --> pi_c + nad_c,-13.297952221638639,-55.17915151373213,-20.25294144463699,0.0011804413322018558,0.001185496218716331,0.5,1.0,True
THRD_L,thr_DASH_L_c --> 2obut_c + nh4_c,-21.96201413124473,-82.07814883950502,-20.476529896411733,0.18190265878400935,0.1826816023582061,0.3333333333333333,1.0,True
EX_k_LPAREN_e_RPAREN__reverse, --> k_e,0.0,-1000071.2489946093,1000002.0383613332,0.11964855408530263,0.12016091312935358,1.0,0.0,True
ACtex_reverse,ac_p --> ac_e,0.0,3372.991550793094,3541.605974206908,1.9170000003624,2.343,1.0,1.0,False
ARGSL_reverse,fum_c + arg_DASH_L_c --> argsuc_c,-11.780096291194354,-20.56443713038454,25.48266597824691,0.0,0.0007930542110085592,0.6666666666666666,1.0,True
SSALx,sucsal_c + h2o_c + nad_c --> succ_c + nadh_c + 2 h_c,-484.248449739437,-543.0711363880102,-463.3265766197386,2.34257058195908e-14,4.254703892362767,0.6,1.0,True
DM_AMOB,amob_c --> ,-419.8206539417241,-411.0637808939258,-377.50351649356196,1.2886914113340672e-06,1.2886914113340672e-06,0.0,1.0,True
COBALT2tpp,cobalt2_p --> cobalt2_c,0.0,-2006136.313269386,1993943.2582136875,1.5464296936006134e-05,1.5530518149089805e-05,0.5,0.0,True
URIK2,uri_c + gtp_c --> ump_c + gdp_c + h_c,-537.225621286052,-573.1298185715787,-505.1262131667133,0.0,0.4535265851091129,1.0,1.0,True
GHBDHx,sucsal_c + nadh_c + h_c --> nad_c + ghb_c,5.179448388267019,-23.365084830019285,56.699326111874306,1.43831613286238e-10,1000.0,0.5,1.0,True
PGI_reverse,f6p_c --> g6p_c,-2.4813995700505984,-6.725889913524782,11.499967513900362,0.0,6.56175858279746,1.0,1.0,True
GLYCPHOSPHOLIPID_6,cdpdhdec9eg_c + ser_DASH_L_c --> cmp_c + pe161_c + co2_c,-1030.623572937554,-2001086.7840832658,1998984.0372929494,0.022133274989659422,0.022228054100884784,0.4,0.6,True
CBMKr,atp_c + nh4_c + co2_c --> adp_c + cbp_c + 2 h_c,5.355521943784424,-34.8849924351432,60.89842022908465,0.0001,0.015585174284157066,0.4,1.0,True
FBA3,s17bp_c --> dhap_c + e4p_c,-78.1990269622138,-134.3833528134127,-65.31722890442117,0.000200000000018741,1000.0,0.3333333333333333,1.0,True
MDDCP1pp,murein5px4p_p + h2o_p --> ala_DASH_D_p + murein4px4p_p,83.95162114007633,-2000095.153219421,2000135.469782895,0.007062248204459299,0.007667848213839477,0.25,0.5,True
GK1,atp_c + gmp_c --> adp_c + gdp_c,16.984993623957507,-17.30140919912347,33.472003677937735,0.15252384330962246,5.016142813689953,1.0,1.0,True
MALS,glx_c + accoa_c + h2o_c --> coa_c + mal_DASH_L_c + h_c,-38.52432378955518,-83.40880669466235,-29.493409177269257,0.0006747563693787265,4.47216615704344,0.8,1.0,True
FE2tex,fe2_e --> fe2_p,0.0,-6982.409696418361,-6846.785353581643,0.005218555870196221,0.0052409027703949305,1.0,1.0,True
UMPK_reverse,adp_c + udp_c --> atp_c + ump_c,-16.998284095807776,-34.28343527384243,16.221964145076804,9.99998180010175e-05,0.03154213088942261,1.0,1.0,True
EX_h_LPAREN_e_RPAREN__reverse, --> h_e,-3.65e-11,-4.219004621982297,4.219004621909297,0.0,992.3610226290807,0,1.0,True
COFACTOR_10,2 atp_c + 4 ppbng_c + ser_DASH_L_c + h_c + ichor_c + h2o_c + nad_c --> uppg3_c + 23dhba_c + pyr_c + seramp_c + nadh_c + 2 ppi_c + 4 nh4_c,1090.8705895465068,-2999193.0409333906,3001216.7732593026,0.0004310672770911835,0.00043291319340587833,0.38461538461538464,0.7857142857142857,True
EX_so4_LPAREN_e_RPAREN__reverse, --> so4_e,-748.4427684927578,-823.9107677240645,-742.2823578323968,0.16236416395111103,0.16305943978177984,1.0,1.0,True
DURIPP_reverse,2dr1p_c + ura_c --> duri_c + pi_c,-1015.462746401736,-1040.155967126829,-962.0666237672754,0.000200000000001126,1000.0,0.25,1.0,True
CU2tpp,cu2_p --> cu2_c,0.0,-2006136.5091996626,1993943.2582136875,0.000434289005619729,0.00043614871802027206,0.5,0.0,True
UMPK,atp_c + ump_c --> adp_c + udp_c,16.998284095807776,-16.221964145076804,34.28343527384243,0.23171248262103325,0.263154613692457,1.0,1.0,True
EX_glc_LPAREN_e_RPAREN_,glc_DASH_D_e <-- ,408.18234427043626,395.96919284547704,483.650343501743,-8.14000000000001,-7.88683762259023,1.0,1.0,True
ADK1_reverse,2 adp_c --> amp_c + atp_c,-0.5164828063352616,-12.613693157484605,23.763101405953655,0.000100000164021452,0.690973739333748,1.0,1.0,True
GCALDD,h2o_c + gcald_c + nad_c --> glyclt_c + nadh_c + 2 h_c,-627.6258115704263,-685.791463321593,-605.0506131973879,0.000574756369531283,0.0005772175911407107,0.6,1.0,True
udp_to_dump_aerobic,atp_c + udp_c + trdrd_c --> adp_c + dump_c + ppi_c + trdox_c + h_c,-89.99579062212342,-184.5199110993419,-64.00656231328162,0.0156499199986985,0.015951437125198198,0.5714285714285714,1.0,True
ENO_reverse,h2o_c + pep_c --> 2pg_c,4.097189299276124,-27.239639197871448,16.655044094399347,0.0,8.642443943984322,0.3333333333333333,1.0,True
POR5,coa_c + pyr_c + 2 flxso_c --> co2_c + accoa_c + h_c + 2 flxr_c,-103.67638228408578,-4000152.5271944385,3999963.188502957,0.008746702311759575,1000.0,0.5,0.7142857142857143,True
MLDCP2Bpp,murein4p3p_p + h2o_p --> ala_DASH_D_p + murein3p3p_p,83.95162114007633,-2000095.153219421,2000135.469782895,0.000788533807916127,0.000863806718612636,0.25,0.5,True
SO4tex,so4_e --> so4_p,0.0,6832.969115108334,6996.22593489167,0.1623641639510993,0.16305943978177984,1.0,1.0,False
SDPTA,akg_c + sl26da_c --> sl2a6o_c + glu_DASH_L_c,0.4058988307679101,-19.87831317508988,50.23602343266124,0.0,0.005659081306600977,0.5,1.0,True
CAt6pp_reverse,na1_c + ca2_p --> ca2_c + na1_p,0.0,-4010053.401766689,3990124.8391184583,0.003190799934462823,0.0032044635780955296,0.5,0.0,True
DHPTDCs2,dhptd_c --> mdhdhf_c,200.7605006720447,-999824.9257558543,1000226.4467571984,0.0017124473479445818,0.423810871564416,0.0,0.5,True
A5PISO,ru5p_DASH_D_c --> ara5p_c,-2.6741805346291585,-17.347624846691208,18.01003520059264,0.015756185540682453,0.015823656679153877,0.5,1.0,True
ARGSL,argsuc_c --> fum_c + arg_DASH_L_c,11.780096291194354,-25.48266597824691,20.56443713038454,0.1851978427228908,0.185990896933808,0.6666666666666666,1.0,True
CTPS2,utp_c + gln_DASH_L_c + atp_c + h2o_c --> adp_c + ctp_c + pi_c + glu_DASH_L_c + 2 h_c,-20.630193357422286,-108.01780381329752,-4.9077069797796185,0.102667901613257,0.13411003268469818,0.75,1.0,True
GK1_reverse,adp_c + gdp_c --> atp_c + gmp_c,-16.984993623957507,-33.472003677937735,17.30140919912347,9.99998914037459e-05,0.000100000000004152,1.0,1.0,True
THRAi,thr_DASH_L_c --> acald_c + gly_c,10.157698210092946,-49.958436498167345,11.643182444925941,0.0,1.549574174807446,0.3333333333333333,1.0,True
TYRTA_reverse,glu_DASH_L_c + 34hpp_c --> tyr_DASH_L_c + akg_c,-0.3427300676571008,-43.302178454023775,9.420483072324096,0.08648150323179883,1000.0,0.75,1.0,True
EX_fum_LPAREN_e_RPAREN_,fum_e --> ,516.8997673386057,516.8308385559134,592.3677665699124,0.0,-0.0,1.0,1.0,True
Ec_biomass_iJO1366_WT_53p95M,5.5e-05 udcpdp_c + 0.000674 cu2_c + 0.411184 val_DASH_L_c + 7e-06 mocogdp_c + 0.088988 cys_DASH_L_c + 0.00118 clpn181_p + 2e-06 btn_c + 0.002944 clpn160_p + 0.000223 hemeO_c + 0.18569 k_c + 0.005381 murein4p4p_p + 0.209684 ser_DASH_L_c + 0.000223 pheme_c + 3.1e-05 malcoa_c + 0.024805 datp_c + 0.000248 4fe4s_c + 0.002288 pg181_c + 0.234232 asp_DASH_L_c + 0.000223 pydx5p_c + 0.000223 mql8_c + 0.154187 glycogen_c + 0.005707 pg160_c + 0.000658 mn2_c + 3e-06 lipopb_c + 0.055234 trp_DASH_L_c + 0.031798 pe160_p + 0.000223 enter_c + 9.8e-05 succoa_c + 0.005448 murein4px4p_p + 0.000223 2dmmql8_c + 0.004126 so4_c + 0.001345 murein3p3p_p + 2.5e-05 2fe2s_c + 0.140101 utp_c + 0.234232 asn_DASH_L_c + 54.119975 atp_c + 0.009618 pe161_c + 0.000673 murein4px4px4p_p + 0.000324 zn2_c + 0.004892 pg160_p + 0.025612 dgtp_c + 0.595297 gly_c + 0.003805 pg161_p + 0.000223 gthrd_c + 0.00229 clpn161_p + 0.437778 leu_DASH_L_c + 0.129799 ctp_c + 0.000223 amet_c + 0.000223 q8h2_c + 2.4e-05 cobalt2_c + 0.000223 mlthf_c + 0.246506 thr_DASH_L_c + 0.499149 ala_DASH_L_c + 0.000307 ni2_c + 0.03327 ptrc_c + 7e-06 mobd_c + 0.004952 ca2_c + 0.255712 glu_DASH_L_c + 0.000112 nadp_c + 0.006744 spmd_c + 0.012379 nh4_c + 0.28742 arg_DASH_L_c + 0.008253 mg2_c + 0.004957 pe181_c + 0.001787 nad_c + 0.024805 dttp_c + 0.333448 lys_DASH_L_c + 0.000223 ribflv_c + 0.000279 accoa_c + 0.209121 gtp_c + 0.000168 coa_c + 48.752916 h2o_c + 0.006388 fe2_c + 0.282306 ile_DASH_L_c + 0.008151 colipa_e + 0.000223 sheme_c + 0.000223 thf_c + 0.025612 dctp_c + 0.092056 his_DASH_L_c + 0.012366 pe160_c + 0.007428 fe3_c + 0.000223 5mthf_c + 0.180021 phe_DASH_L_c + 0.000335 nadph_c + 0.000223 thmpp_c + 0.133993 tyr_DASH_L_c + 0.000223 adocbl_c + 0.149336 met_DASH_L_c + 0.000116 bmocogdp_c + 0.214798 pro_DASH_L_c + 7e-06 mococdp_c + 0.004952 cl_c + 0.024732 pe161_p + 0.000223 10fthf_c + 0.255712 gln_DASH_L_c + 0.012747 pe181_p + 0.000605 murein3px4p_p + 4.5e-05 nadh_c + 0.004439 pg161_c + 0.000223 fad_c + 0.001961 pg181_p + 0.000223 chor_c --> 53.945874 pi_c + 53.95 h_c + 0.749831 ppi_c + 53.95 adp_c,-2495.3872521117883,-351138.00794025464,342848.16384502803,0.6443457056667057,0.6471049228787419,0.2571428571428571,0.6226415094339622,True
GARFT,gar_c + 10fthf_c --> thf_c + fgam_c + h_c,-20.32319464417094,-84.35272156271247,43.70633227437059,9.99999059034806e-05,1000.0,0.0,1.0,True
ARGSS,atp_c + citr_DASH_L_c + asp_DASH_L_c --> argsuc_c + ppi_c + amp_c + h_c,-7.299159767782385,-58.921572967612136,38.58461576198131,0.1851978427228285,0.185990896933808,0.5,1.0,True
UMPSYN_aerobic,prpp_c + cbp_c + q8_c + h_c + asp_DASH_L_c --> pi_c + ppi_c + co2_c + q8h2_c + h2o_c + ump_c,-127.7165443892086,-207.0418422486236,-35.34583792296979,0.2063993938220572,0.20728323731621012,0.1,1.0,True
CYTK2_reverse,adp_c + dcdp_c --> atp_c + dcmp_c,-16.554041452722686,-38.2045530091203,13.231832100544686,1.399165228122e-10,0.974867648544606,1.0,1.0,True
NADH16pp,nadh_c + q8_c + 4 h_c --> 3 h_p + nad_c + q8h2_c,-79.24210476524513,-19606.277412981908,-19493.397195229005,0.0,26.4140269615349,0.5,1.0,True
CLPNS160pp,2 pg160_p --> glyc_p + clpn160_p,-154.92367999526897,-3000301.6406738358,2999991.7933138455,0.0018969537574834434,0.001905076892955016,0.0,0.3333333333333333,True
ATHRDHr_reverse,nadph_c + 2aobut_c + h_c --> nadp_c + athr_DASH_L_c,-16.121072317398784,-54.19687668737566,40.26025862941752,1.51043622054203e-11,1000.0,0.5,1.0,True
LSERDHr_reverse,2amsa_c + nadph_c + h_c --> nadp_c + ser_DASH_L_c,-24.317202400542328,-47.423548610138965,23.446421142348967,1.45035983223352e-10,120.813095070106,0.75,1.0,True
GLCP,pi_c + glycogen_c --> g1p_c,792.3786429971151,784.416291769752,835.7416058308714,9.99999508195515e-05,8.072107591172417,0.3333333333333333,1.0,False
MOX,o2_c + mal_DASH_L_c --> h2o2_c + oaa_c,-102.9671423669397,-134.03860128527816,-81.97036113121311,9.99999999999994e-05,1.8585289538454266,0.25,1.0,True
CS,oaa_c + h2o_c + accoa_c --> coa_c + h_c + cit_c,-40.465191961883875,-86.35224024716221,-16.63367930394881,0.703876159999627,6.386588301590219,0.6,1.0,True
Ktex,k_e --> k_p,0.0,-2003530.5861184425,1996615.9885934424,0.1196485540852862,0.12016091312935358,1.0,0.0,True
SHK3Dr_reverse,nadp_c + skm_c --> 3dhsk_c + nadph_c + h_c,158.3495773488429,109.27825290615858,189.11537521468773,0.019735748639570727,0.03731707298195443,0.5,1.0,False
PUNP4,pi_c + dgsn_c --> 2dr1p_c + gua_c,2562.66173518193,2506.4235166612993,2584.754491154748,0.0,999.999999999999,0.25,1.0,True
PUNP5,ins_c + pi_c --> hxan_c + r1p_c,8.623791061909856,-26.19718197125239,49.09147038578946,0.0,1000.0,0.25,1.0,True
PUNP6,din_c + pi_c --> 2dr1p_c + hxan_c,9.442063709017361,-41.87708435291608,45.31169857967081,5.81508174946066e-11,1000.0,0.0,1.0,True
PUNP7,pi_c + xtsn_c --> r1p_c + xan_c,9.775385509139255,-41.54376255279407,45.645020379792705,4.82529571854684e-11,0.437076571669949,0.0,1.0,True
PUNP1,pi_c + adn_c --> r1p_c + ade_c,8.231949332764088,-26.981132248574042,31.351911996892554,9.99997484885107e-05,1.6980620414506895,0.5,1.0,True
PUNP2,dad_DASH_2_c + pi_c --> 2dr1p_c + ade_c,10.445851573202276,-39.491422229979726,32.21428245881522,0.000100000002245082,0.997773985916344,0.25,1.0,True
5MTRtpp,5mtr_c + h_c --> h_p + 5mtr_p,-35.60735778228218,-4016.375339038238,-3878.9420457927063,0.0043454674390202615,0.004364075599894235,0.0,1.0,True
ASNN,h2o_c + asn_DASH_L_c --> nh4_c + asp_DASH_L_c,-13.055855382314462,-86.89220190941603,-16.161266452276017,0.0,2.69126097421021,0.25,1.0,True
SO4t2pp,h_p + so4_p --> h_c + so4_c,3.999544333055383e-06,2959.3731323227066,3084.1278185983892,0.1623641639510993,0.16305943978177984,0.5,1.0,False
dhap_to_lac_DASH_D,dhap_c + h2o_c --> lac_DASH_D_c + pi_c + h_c,-114.65699793456042,-177.0981892151711,-116.27830197486915,8.43769498715119e-15,2.4318094852540946,0.25,1.0,True
ALAR_reverse,ala_DASH_D_c --> ala_DASH_L_c,0.03845289999998158,-26.21180499623186,26.288710796231822,0.01883675509495773,0.021552176874509887,0.0,1.0,True
THD2pp,nadp_c + nadh_c + 2 h_p --> nadph_c + nad_c + 2 h_c,0.2429115015024763,-6230.762874763873,-6158.986354610594,1.38777878078145e-17,10.349761452452661,1.0,1.0,True
INSK,ins_c + atp_c --> adp_c + imp_c + h_c,-24.332723481031735,-51.25521538821385,-1.470561172158007,0.0,2.3098182455035587,1.0,1.0,True
DURIK1,atp_c + duri_c --> adp_c + dump_c + h_c,-63.8413164687222,-118.62434283926419,-41.95886769064485,0.00010000048678193707,4.863952045499595,0.75,1.0,True
MDH3,mqn8_c + mal_DASH_L_c --> oaa_c + mql8_c,-18.22018242263789,-67.1038899933165,20.588847465428707,6.13814554739633e-14,6.484825294273314,0.25,1.0,True
MDH2,q8_c + mal_DASH_L_c --> oaa_c + q8h2_c,-54.259899002856855,-95.23194654534112,-25.351457738936162,0.0,6.484825294529793,0.25,1.0,True
GND,nadp_c + 6pgc_c --> co2_c + ru5p_DASH_D_c + nadph_c,10.879087422884822,-42.85599231440045,3.090467241690078,9.9999999999989e-05,12.831473100615927,0.8,1.0,True
ACKr,atp_c + ac_c --> adp_c + actp_c,14.56423057849588,-29.963895618075227,40.505489314477884,0.0,2.7665405627868,0.5,1.0,True
prpp_to_his_DASH_L,gln_DASH_L_c + atp_c + 3 h2o_c + prpp_c + 2 nad_c --> akg_c + pi_c + 5 h_c + 2 nadh_c + 2 ppi_c + his_DASH_L_c + aicar_c,1557.632530057279,1313.931315688643,1535.8451696743257,0.059315888280875646,0.059569890780525464,0.5454545454545454,1.0,False
NADH10,mqn8_c + nadh_c + h_c --> mql8_c + nad_c,-43.202388185025484,-71.74692140331133,8.317489538581803,4.79616346638068e-14,6.484825294013369,0.5,1.0,True
PPC,co2_c + h2o_c + pep_c --> pi_c + oaa_c + h_c,-40.85576815570744,-85.71723348755177,-16.508522463606226,9.9999999999989e-05,5.174980726224099,0.2,1.0,True
PPA,ppi_c + h2o_c --> 2 pi_c + h_c,-16.725075027486128,-65.96560444639731,-23.775558226940156,2.13299718375167,6.996616154456173,0.0,1.0,True
PYNP2r_reverse,r1p_c + ura_c --> uri_c + pi_c,-3.7851844829469883,-23.03374251209749,32.04994663161379,9.99999601755119e-05,1.05246133725906,0.5,1.0,True
TKT2_reverse,f6p_c + g3p_c --> xu5p_DASH_D_c + e4p_c,10.29508561961984,-35.170660333831755,52.89802353070112,0.0,0.412547690838283,0.25,1.0,True
PPS,atp_c + h2o_c + pyr_c --> pi_c + amp_c + pep_c + 2 h_c,-7.31857700206001,-89.26052775337446,-17.828940406117887,3.27515792264421e-15,4.8636189707053745,0.6666666666666666,1.0,True
EX_cbl1_LPAREN_e_RPAREN__reverse, --> cbl1_e,0.0,-1000071.2489946093,999982.1877513477,0.0001436890923637223,0.00014430439780195944,1.0,0.0,True
ATHRDHr,nadp_c + athr_DASH_L_c --> nadph_c + 2aobut_c + h_c,16.121072317398784,-40.26025862941752,54.19687668737566,1.51043622054203e-11,1000.0,0.5,1.0,True
NADTRHD,nadph_c + nad_c --> nadp_c + nadh_c,-0.2429115015024763,-21.590062054599485,16.434421123112685,0.0,17.279494849657688,1.0,1.0,True
IPPS,3mob_c + h2o_c + accoa_c --> coa_c + 3c3hmp_c + h_c,-23.867417945355783,-89.99687332584446,11.483809297915954,0.28208037433549604,0.2832882989280099,0.4,1.0,True
NDPK3_reverse,adp_c + ctp_c --> atp_c + cdp_c,13.316795697328871,-14.246878314989395,54.02721980258238,0.00010000002959365,999.9449307778466,0.75,1.0,True
PG181abcpp,atp_c + h2o_c + pg181_c --> adp_c + pg181_p + pi_c + h_c,-29.82129236435503,-1996284.6022195271,2003847.7419206065,0.0027842177941868446,0.0027961403717590436,0.3333333333333333,0.7142857142857143,True
ALAALAD,h2o_c + alaala_c --> 2 ala_DASH_D_c,-8.004661948394869,-91.12431957157703,3.3744698651421032,0.0,4.863618970492743,0.0,1.0,True
ASTPathway,succoa_c + akg_c + arg_DASH_L_c + 4 h2o_c + nad_c --> succ_c + 2 nh4_c + coa_c + co2_c + nadh_c + 2 glu_DASH_L_c + h_c,-583.7265414723931,-803.546053251236,-599.949376503977,0.0,0.0007930542110144156,0.6363636363636364,1.0,True
VITB6,e4p_c + 4 nad_c + glu_DASH_L_c + dxyl5p_c --> pydx5p_c + akg_c + 4 nadh_c + co2_c + pi_c + h2o_c + 5 h_c,-264.648209976222,-451.7545792586475,-196.7623541731139,0.00014368909236372782,0.00014430439780195944,0.4,1.0,True
DADK,atp_c + damp_c --> adp_c + dadp_c,47.78402633975156,22.79373467893238,64.69632805601992,0.01760100780797449,5.898293377201457,1.0,1.0,False
EX_ac_LPAREN_e_RPAREN_,ac_e --> ,241.64279991034311,232.803587434743,317.11079914164986,1.917,2.34299999999936,1.0,1.0,False
OAADC,oaa_c + h_c --> co2_c + pyr_c,-11.984722377278104,-50.90456130191957,2.328264045709716,5.51629852907354e-11,4.607865293287996,0.3333333333333333,1.0,True
DADA,dad_DASH_2_c + h2o_c + h_c --> nh4_c + din_c,-11.387883866911352,-95.07154285997322,0.5552493165054386,1.15010223566969e-10,1.564657039948189,0.0,1.0,True
ALAALAr,atp_c + 2 ala_DASH_D_c --> adp_c + alaala_c + pi_c + h_c,-21.81663041596039,-83.83814146096509,37.06752635973562,0.016619164790725425,4.880521449705249,0.4,1.0,True
MCTP2App,murein5p5p5p_p --> murein5px4px4p_p + 2 ala_DASH_D_p,-140.36517082567593,-2000362.5501638977,1999939.3218330275,0.00043364465991407343,0.0004355016130973933,0.0,0.3333333333333333,True
CRNCBCT,crn_c + ctbtcoa_c --> ctbt_c + crncoa_c,147.1540065755197,-1999896.908499973,2000191.216513124,0.0,163.268103590856,0.0,0.5,True
ACALD_reverse,nadh_c + accoa_c + h_c --> acald_c + coa_c + nad_c,22.235535943676496,-32.51879765386459,38.77949072704632,0.0,0.554301092592152,0.8,1.0,True
BPNT,pap_c + h2o_c --> pi_c + amp_c,-84.87956348246689,-143.9281404352021,-84.08903677746216,0.15970559356950506,0.16038948486998392,0.25,1.0,True
NTPTP1,h2o_c + dgtp_c --> pppi_c + dgsn_c,2682.144612746454,-997383.7801625851,1002691.7783754595,3.96110699796282e-10,0.00030151752261036563,0.0,0.75,True
NTPTP2,gtp_c + h2o_c --> pppi_c + gsn_c,4862.433162686236,-995202.6964110698,1004835.6058004323,1.61234581241843e-10,4.863618970674062,0.5,0.75,True
NTPP10,h2o_c + ditp_c --> dimp_c + ppi_c + h_c,-103.87929881326318,-178.24208338864767,-85.8075268562448,0.0,0.000301517126499697,0.0,1.0,True
Zn2tex,zn2_e --> zn2_p,0.0,-2006978.9730509052,1993149.778000905,0.00020876800863608083,0.00020966199501271237,1.0,0.0,True
CA2tex,ca2_e --> ca2_p,0.0,-2006979.9095680374,1993150.7145180372,0.0031907999344624265,0.0032044635780955296,1.0,0.0,True
PPK2r_reverse,adp_c + pppi_c --> atp_c + ppi_c,-2812.3073027220403,-1002816.2173081837,997210.1895702004,9.99999631958737e-05,54.51780369484657,0.5,0.75,True
APPLDHr,nadh_c + aact_c + h_c --> nad_c + appl_c,-5.8374561288599125,-41.69199585127815,52.992428098879536,0.00768188386904848,1000.0,0.5,1.0,True
GLNS,atp_c + nh4_c + glu_DASH_L_c --> adp_c + gln_DASH_L_c + pi_c + h_c,-21.00747100127637,-66.62009106711739,12.619866245920022,6.992154628992161,9.80143778343787,0.6666666666666666,1.0,True
CRNCBCT_reverse,ctbt_c + crncoa_c --> crn_c + ctbtcoa_c,-147.1540065755197,-2000191.216513124,1999896.908499973,0.0,163.268103590856,0.0,0.5,True
MTHFC_reverse,10fthf_c + h_c --> methf_c + h2o_c,11.869393843635407,-12.485615639645783,56.89091864060132,0.0,8.208201795992858,0.0,1.0,True
ALAALAabcpp,atp_c + h2o_c + alaala_p --> adp_c + alaala_c + pi_c + h_c,5.786065417927148,-103.48546837960644,60.354703249906905,0.000583327908969977,0.0011738957029810379,0.3333333333333333,1.0,True
EX_lac_DASH_L_LPAREN_e_RPAREN_,lac_DASH_L_e --> ,300.59729777068844,296.37829314874267,376.0652970019952,0.0,-0.0,0.0,1.0,True
FADSYN_1,gtp_c + 5 h2o_c + 2 dmlz_c + nadph_c --> nadp_c + for_c + nh4_c + ppi_c + pi_c + 2 4r5au_c + ribflv_c,33.83625106486761,-260.0586822377726,54.7423580748941,0.000287378184727457,0.0002886087956039189,0.2727272727272727,1.0,True
FADSYN_2,4r5au_c + ru5p_DASH_D_c --> for_c + pi_c + 2 h2o_c + dmlz_c + h_c,-208.57304432224987,-270.8285048611148,-134.5982790375362,0.0005747563694549138,0.0005772175912078378,0.16666666666666666,1.0,True
FADSYN_3,2 atp_c + ribflv_c --> adp_c + fad_c + ppi_c,2008.1338242014508,1953.0590873573356,2031.3779851216993,0.00014368909236371822,0.00014430439780195944,0.6,1.0,False
MDDEP1pp,h2o_p + murein4px4p_p --> murein4p4p_p,154.1342065529143,-1999949.5026347768,2000201.4333636859,0.00355185279998503,0.004142420593996091,0.3333333333333333,0.3333333333333333,True
DGK1_reverse,adp_c + dgdp_c --> atp_c + dgmp_c,-17.10003839491901,-36.465563329468196,31.631006085654292,1.36582301024646e-10,1000.0,0.75,1.0,True
CLPNS161pp,2 pg161_p --> glyc_p + clpn161_p,-154.92367999526897,-3000301.6406738358,2999991.7933138455,0.0014755516659772708,0.001481870273392319,0.0,0.3333333333333333,True
RPI,r5p_c --> ru5p_DASH_D_c,2.0378128686875243,-9.175408655948793,9.153100841218887,0.0,4.79354078625694,1.0,1.0,True
MG2tex,mg2_e --> mg2_p,0.0,-6996.064659276518,-6833.130390723486,0.005317785108869249,0.005340556928518257,1.0,1.0,True
AHCYSNS,h2o_c + ahcys_c --> rhcys_c + ade_c,-350.8817576802305,-432.6195410446614,-353.6038298517339,0.0017124473479445124,0.4238108714736479,0.25,1.0,True
EX_o2_LPAREN_e_RPAREN__reverse, --> o2_e,16.4,-59.06799923130676,38.431253274286036,15.2109506362358,16.0,1.0,1.0,True
NDPK7_reverse,adp_c + dctp_c --> atp_c + dcdp_c,-142.59013771139553,-162.79062075004788,-111.7887727383364,9.99999526811735e-05,999.9834970177865,1.0,1.0,True
TKT2,xu5p_DASH_D_c + e4p_c --> f6p_c + g3p_c,-10.29508561961984,-52.89802353070112,35.170660333831755,0.0,4.313905652756722,0.25,1.0,True
TKT1,xu5p_DASH_D_c + r5p_c --> s7p_c + g3p_c,-4.024730600392559,-37.656094270274565,33.56162339969316,0.0,4.284615267721133,0.5,1.0,True
MOLYBDOPTERIN_1,2 moadcosh_c + gtp_c + atp_c + cu2_c + h2o_c --> 2 moadcoo_c + 2 ppi_c + mptamp_c + 4 h_c,983.4618991649941,-5999125.935318189,6001065.502543457,0.0001585090435940675,0.00015918781102817052,0.25,0.5555555555555556,True
MOLYBDOPTERIN_2,gtp_c + ctp_c + 2 h_c + 2 moco_c --> 2 ppi_c + mococdp_c + mocogdp_c,1188.6281154916155,-3998875.0650787014,4001263.2154579996,4.510419939668575e-06,4.510419939668575e-06,0.3333333333333333,0.5714285714285714,True
MOLYBDOPTERIN_3,atp_c + nadh_c + moadcoo_c + iscssh_c + h_c --> moadcosh_c + ppi_c + amp_c + iscs_c + nad_c,-259.8268578994804,-4000341.4558569584,3999784.1616272996,0.0003170180871881336,0.00031837562205634104,0.4444444444444444,0.6,True
VPAMTr,ala_DASH_L_c + 3mob_c --> val_DASH_L_c + pyr_c,-24.715666805518765,-68.15813195108583,28.009197205355918,9.99998532584812e-05,1000.0,0.25,1.0,True
SERt4pp,ser_DASH_L_p + na1_p --> na1_c + ser_DASH_L_c,20.6538200731016,-2003107.0912936074,1997077.6854025403,0.003190799934462691,0.0032044635780955296,0.5,0.5,True
RNDR3,cdp_c + trdrd_c --> dcdp_c + trdox_c + h2o_c,-37.668729510161256,-87.2300203109011,24.017894962341558,0.01650298221354144,0.016875168411270035,0.2,1.0,True
RNDR2,trdrd_c + gdp_c --> trdox_c + h2o_c + dgdp_c,-30.081371866859854,-72.73798270635439,21.177506364776328,0.01650298260965224,0.016875168807380735,0.4,1.0,True
RNDR1,adp_c + trdrd_c --> trdox_c + h2o_c + dadp_c,-12.495361156696163,-49.93579804244892,31.62545728895728,0.016082995319766567,0.016452954829205217,0.4,1.0,True
MTHTHFSs,mdhdhf_c + h2o_c --> mththf_c,148.19964692253393,-1999884.1648640085,2000159.89764254,0.0017124473479445401,0.4238108714919669,0.0,0.3333333333333333,True
METS,5mthf_c + hcys_DASH_L_c --> thf_c + met_DASH_L_c + h_c,37.36928745394789,-12.88784548955227,83.3642766342264,0.10157787876986564,0.1020128555672134,0.25,1.0,True
SERAT,ser_DASH_L_c + accoa_c --> coa_c + acser_c,-7.035467073850668,-42.120944897614464,11.586547169925538,0.15970559356958966,3.29273858092781,0.75,1.0,True
PROD2,fad_c + pro_DASH_L_c --> 1pyr5c_c + fadh2_c + h_c,22.977675242129635,-14.564602330869853,64.19992244306107,0.0,0.0005015061971468159,0.25,1.0,True
GLUN,gln_DASH_L_c + h2o_c --> nh4_c + glu_DASH_L_c,-8.813821363078802,-66.67665945776209,-13.843580528705695,6.13398221105399e-14,2.8092831544455916,0.5,1.0,True
NH4tex,nh4_e --> nh4_p,0.0,-3538.5990768303013,-3375.9984481697006,6.7696757561887,6.798664862038425,1.0,1.0,True
POR5_reverse,co2_c + h_c + accoa_c + 2 flxr_c --> coa_c + pyr_c + 2 flxso_c,103.67638228408555,-3999963.188502957,4000152.5271944385,0.00447726766601027,999.9957305653543,0.5,0.7142857142857143,True
MLDEP1pp,murein3px3p_p + h2o_p --> murein3p3p_p,154.1342065529143,-1999949.5026347768,2000201.4333636859,2.838255509398052e-06,8.182231335578083e-05,0.3333333333333333,0.3333333333333333,True
AP4AS,2 atp_c + h_c --> ppi_c + ap4a_c,95.92797592001534,46.44650315457386,114.81031501538999,0.0,4.863618970497822,0.3333333333333333,1.0,True
TMDPP_reverse,2dr1p_c + thym_c --> pi_c + thymd_c,-3.276301808799303,-24.77909861319977,45.886015394909315,0.0,0.47382404738555,0.25,1.0,True
MOBDabcpp,atp_c + h2o_c + mobd_p --> adp_c + pi_c + mobd_c + h_c,-29.82129236435503,-1993994.1726617615,2006120.3592297197,8.827536167637076e-05,8.865337443438765e-05,0.5,0.7142857142857143,True
ACALD,acald_c + coa_c + nad_c --> nadh_c + h_c + accoa_c,-22.23553594367695,-38.77949072704678,32.51879765386459,6.04016836547316e-13,2.103875267467262,0.8,1.0,True
MDDCP4pp,murein5p4p_p + h2o_p --> murein4p4p_p + ala_DASH_D_p,83.95162114007633,-2000095.153219421,2000135.469782895,0.00010000000001377,0.0006905677940248308,0.25,0.5,True
COtpp,co_c --> co_p,0.0,-2000054.6181136875,2000034.4431295742,0.0001436890923637223,0.00014430439780195944,0.0,0.0,True
CLPNS181pp,2 pg181_p --> clpn181_p + glyc_p,-154.92367999526897,-3000301.6406738358,2999991.7933138455,0.000760327932686978,0.0007635838089969154,0.0,0.3333333333333333,True
TRPAS2_reverse,indole_c + nh4_c + pyr_c --> h2o_c + trp_DASH_L_c,-23.732855248707153,-13.157275425637927,67.6646893145456,0.0,0.0363895233131039,0.4,1.0,True
AP4AH,ap4a_c + h2o_c --> 2 adp_c + 2 h_c,-138.84548562123973,-208.72054327575262,-131.83604183620258,0.0,4.863618970493827,0.3333333333333333,1.0,True
MDDCP5pp,murein5p3p_p + h2o_p --> ala_DASH_D_p + murein4p3p_p,83.95162114007633,-2000095.153219421,2000135.469782895,1.817755577356046e-05,0.0006940255086243463,0.25,0.5,True
DGK1,atp_c + dgmp_c --> adp_c + dgdp_c,17.10003839491901,-31.631006085654292,36.465563329468196,0.0,1000.0,0.75,1.0,True
SHKK,atp_c + skm_c --> adp_c + skm5p_c + h_c,-630.6325795728624,-683.034713643445,-596.8173129628685,0.23964763223438906,0.24067385133688435,0.5,1.0,True
ACONTb_reverse,icit_c --> h2o_c + acon_DASH_C_c,0.6854045400991708,5.493982820980136,32.117403626351376,9.99999225506087e-05,999.2978294468835,0.6666666666666666,1.0,False
MPTG2,murein5p5p_p + uaagmda_c --> udcpdp_c + murein5p5p5p_p + h_c,-59.683029368859025,-2000168.7112930005,2000049.3452342628,0.0004336446599138822,0.0004355016130973933,0.0,0.6,True
ADNK1,atp_c + adn_c --> adp_c + amp_c + h_c,-15.381570392495632,-41.964309240532046,6.722987365946025,0.0001,1.698062041702201,1.0,1.0,True
AMPN,h2o_c + amp_c --> r5p_c + ade_c,-17.763397996673575,-78.88078439150568,-41.05166737946525,0.0,0.409548000464481,0.75,1.0,True
NADH5,nadh_c + q8_c + h_c --> q8h2_c + nad_c,-79.24210476524468,-99.8749779553362,-37.62281566578329,2.65967803336764e-14,6.484825294016893,0.5,1.0,True
NADH9,nadh_c + 2dmmq8_c + h_c --> 2dmmql8_c + nad_c,-1355.1704124556825,-1001383.1509443041,998695.7854638981,1.59872115546023e-14,6.484825294012921,0.5,0.8,True
CHORM,chor_c --> pphn_c,-747.8700495141882,-777.7753106624859,-717.9647883658904,0.20247726151163298,0.2033443096507493,0.0,1.0,True
GLYCPHOSPHOLIPID_2,cdpdodec11eg_c + ser_DASH_L_c --> cmp_c + co2_c + pe181_c,-1030.623572937554,-2001086.7840832656,1998984.0372929494,0.011407496373127522,0.011456345554645246,0.4,0.6,True
PG160abcpp,atp_c + h2o_c + pg160_c --> adp_c + pi_c + pg160_p + h_c,-29.82129236435503,-1996284.6022195271,2003847.7419206065,0.006946046707089969,0.0069757910686328375,0.3333333333333333,0.7142857142857143,True
NADPHQR2,q8_c + nadph_c + h_c --> nadp_c + q8h2_c,-79.48501626674715,-102.33915410439776,-40.31428044820896,0.0,5.480164048828852,0.5,1.0,True
NADPHQR3,mqn8_c + nadph_c + h_c --> nadp_c + mql8_c,-43.44529968652819,-74.2110975523729,5.6260247561559,0.0,0.746867776184896,0.5,1.0,True
LDH_D,lac_DASH_D_c + nad_c --> nadh_c + pyr_c + h_c,19.067817003354776,-19.739006821289905,44.181695187986094,0.0,3.19062432165207,0.75,1.0,True
EX_5mtr_LPAREN_e_RPAREN_,5mtr_e --> ,58.703940635964614,50.829932761952804,137.8269431193374,0.004345467439016263,0.004364075599894235,0.0,1.0,False
ICYSDS,cys_DASH_L_c + iscs_c --> iscssh_c + ala_DASH_L_c,-27.620693387228812,-2000071.6831999358,2000016.4418131614,0.0011372701705021514,0.0011421401888809795,0.0,0.5,True
FE3abcpp,atp_c + fe3_p + h2o_c --> adp_c + pi_c + h_c + fe3_c,-28.50720258260526,-9294.944530157512,-9148.288421254756,0.004786199901693732,0.004806695367143295,0.5,1.0,True
HCO3E,co2_c + h2o_c --> hco3_c + h_c,-9.791078382647925,-54.49885841794321,-2.9345727900365706,2.065069921026711,2.087780798142593,0.0,1.0,True
IPPMIa_reverse,h2o_c + 2ippm_c --> 3c2hmp_c,2.751194780842866,-45.36133189830915,30.19720614631016,0.28208037433546107,0.288420666259876,0.0,1.0,True
DM_5DRIB,5drib_c --> ,0.0,-999983.3691190782,1000034.4431295742,0.00029253295037286707,0.00029378563498694884,0.0,0.0,True
G6PP,g6p_c + h2o_c --> glc_DASH_D_c + pi_c,-8.715007775461572,-69.17746829386884,-17.143244658266816,2.32660113397287e-10,4.863618971132219,0.25,1.0,True
OMCDC,3c4mop_c + h_c --> co2_c + 4mop_c,-60.91941687280587,-116.20731294847586,-39.52077216409709,0.2820803743354605,0.2832882989280099,0.0,1.0,True
AGPR,pi_c + nadp_c + acg5sa_c --> acg5p_c + nadph_c + h_c,40.69736140556927,-2.0907255108525646,100.80441904983222,0.0,3.6947107337358136,0.4,1.0,True
pyr_to_23dhmb,nadph_c + 2 pyr_c + 2 h_c --> nadp_c + 23dhmb_c + co2_c,-30.634683567969773,-71.16493324607853,26.8210540853623,0.5473961621008808,0.5497402219725604,0.6,1.0,True
CYTK1,cmp_c + atp_c --> adp_c + cdp_c,17.408738571498816,-25.41282618549036,42.90207818555042,0.07167220451328703,0.107441442742757,0.75,1.0,True
FE3tex,fe3_e --> fe3_p,0.0,-10449.019241634762,-10294.773333365241,0.004786199901693732,0.004806695367143295,1.0,1.0,True
TYRTA,tyr_DASH_L_c + akg_c --> glu_DASH_L_c + 34hpp_c,0.3427300676571008,-9.420483072324096,43.302178454023775,0.0,999.9135184967682,0.75,1.0,True
ACS,coa_c + atp_c + ac_c --> ppi_c + amp_c + accoa_c,-8.379889582012652,-43.364450970276124,27.174536761024825,1.59872115546023e-14,8.07378292263703,0.6666666666666666,1.0,True
ORNDC,orn_c + h_c --> co2_c + ptrc_c,-449.3950677528479,-504.68296382851804,-427.9964230441391,0.0266111999979004,1.9078615451112575,0.0,1.0,True
ALAR,ala_DASH_L_c --> ala_DASH_D_c,-0.03845289999998158,-26.288710796231822,26.21180499623186,0.0349747199967808,0.0371981793869362,0.0,1.0,True
ME1,mal_DASH_L_c + nad_c --> nadh_c + co2_c + pyr_c,12.997483385109831,-39.13715790123063,7.4752499818632,0.0,4.607865293106472,0.8,1.0,True
METOX2s,h2o2_c + met_DASH_L_c --> metsox_DASH_R_DASH_L_c + h2o_c,-666.3224362340081,-1000650.4426702134,999393.308936118,0.0,1.3652263778074751,0.25,0.75,True
ME2,nadp_c + mal_DASH_L_c --> co2_c + nadph_c + pyr_c,13.240394886612194,-36.44569311880507,9.939426130924488,2.66453525910038e-15,6.283452672731471,0.8,1.0,True
DCYTD,dcyt_c + h2o_c + h_c --> nh4_c + duri_c,-19.218328873235322,-110.21199437042927,0.03481081431347377,0.0,0.00030151712649614457,0.0,1.0,True
GLUDC,glu_DASH_L_c + h_c --> co2_c + 4abut_c,420.56450776103424,364.2517690619338,416.32096107504003,1.04360964314765e-14,4.754428940432064,0.3333333333333333,1.0,False
VPAMTr_reverse,val_DASH_L_c + pyr_c --> ala_DASH_L_c + 3mob_c,24.715666805518765,-28.009197205355918,68.15813195108583,0.000100000142401024,1000.0,0.25,1.0,True
MOCOS,mptamp_c + mobd_c + 2 h_c --> moco_c + cu2_c + amp_c + h2o_c,-640.8043232758532,-4000709.974511237,3999395.9913318735,8.376494173670218e-05,8.412363997423645e-05,0.16666666666666666,0.42857142857142855,True
TALA,s7p_c + g3p_c --> e4p_c + f6p_c,-0.7570171334514271,-36.00394959168577,35.310570908004316,0.0,4.280265999741201,0.5,1.0,True
CELLENV_5,f6p_c + utp_c + gln_DASH_L_c + accoa_c --> glu_DASH_L_c + coa_c + uacgam_c + ppi_c,3899.354377540645,3851.4109236238896,3947.545462415845,0.04604236674413619,0.046239529369223376,0.75,1.0,False
CELLENV_4,tdec2eACP_c + 2 nadh_c + malACP_c + nadph_c + 4 h_c --> nadp_c + ACP_c + ddcaACP_c + co2_c + 2 nad_c + h2o_c,-739.0222138322656,-2000811.457192887,1999384.4462447567,0.10967279387015536,0.11014243471334488,0.4,0.8181818181818182,True
CELLENV_7,tdec2eACP_c + 3 nadh_c + 3 malACP_c + 3 nadph_c + 9 h_c --> 3 nadp_c + 3 ACP_c + 3 co2_c + 3 h2o_c + hdeACP_c + 3 nad_c,-2012.4869860885265,-2002187.284599982,1998246.4850328916,0.09212468292202242,0.09251917924366523,0.4,0.8181818181818182,True
ICDHyr,nadp_c + icit_c --> akg_c + co2_c + nadph_c,5.951167325781853,-37.147465061686596,7.944910095144131,0.703776159882643,6.04748368632021,0.8,1.0,True
CELLENV_1,udcpdp_c + 4 atp_c + 26dap_DASH_M_c + nadph_c + 2 uacgam_c + alaala_c + h2o_c + ala_DASH_L_c + glu_DASH_L_c + pep_c --> 6 pi_c + 5 h_c + uaagmda_c + 4 adp_c + ump_c + udp_c + nadp_c,-8739.234211663097,-8994.681656560371,-8546.283784955054,0.01776912152517669,0.017845212458227063,0.5,1.0,True
GLYCPHOSPHOLIPID_7,cdpdhdecg_c + ser_DASH_L_c --> cmp_c + co2_c + pe160_c,-1030.623572937554,-2001086.7840832656,1998984.0372929494,0.028456883745074782,0.028578741814016755,0.4,0.6,True
CELLENV_3,nadh_c + myrsACP_c + malACP_c + nadph_c + 3 h_c --> nadp_c + ACP_c + co2_c + palmACP_c + h2o_c + nad_c,-670.8289953628421,-2000740.9696990955,1999427.3698433987,0.0781604227888089,0.07849512135503714,0.4,0.8181818181818182,True
MDH_reverse,nadh_c + oaa_c + h_c --> mal_DASH_L_c + nad_c,-24.982205762387935,-39.835253076277155,22.92086373943473,0.0,5.59708447854949,0.75,1.0,True
MLDCP2App,murein5p5p_p + h2o_p --> murein5p3p_p + alaala_p,175.83983815675072,-2000006.9200056563,2000231.013003164,0.0,0.0006005750421542768,0.25,0.5,True
CELLENV_9,ddcaACP_c + malACP_c + nadph_c + 2 h_c --> nadp_c + ACP_c + co2_c + 3hmrsACP_c,-454.4361299708848,-1000532.6158160385,999608.1598313064,0.10442073202326428,0.10486788248696026,0.2857142857142857,0.875,True
AGPR_reverse,acg5p_c + nadph_c + h_c --> nadp_c + acg5sa_c + pi_c,-40.69736140556927,-100.8044190498321,2.090725510852451,0.2118090427206932,3.90651977645648,0.4,1.0,True
MOBDtex,mobd_e --> mobd_p,0.0,-1993138.839220957,2006968.034270957,8.827536167637076e-05,8.865337443438765e-05,1.0,0.0,True
ADD,ade_c + h2o_c + h_c --> hxan_c + nh4_c,-12.391671731096267,-81.97412673911775,-1.8304128064308074,7.54010187620224e-11,1.5646570399463826,0.25,1.0,True
COFACTOR_9_amet,chor_c + 1.5 o2_c + 3 amet_c + octdp_c --> co2_c + ppi_c + q8h2_c + pyr_c + 3 ahcys_c + 2 h_c,-2824.7950465742815,-2970.0661754213133,-2665.8704771860207,0.00014368909236372833,0.00014430439780090804,0.1111111111111111,1.0,True
ADA,h2o_c + adn_c + h_c --> ins_c + nh4_c,-12.783513460242006,-86.34102468468633,-15.98702352708078,4.5905501622201e-12,1.5646570398755544,0.5,1.0,True
MDDEP2pp,murein3px4p_p + h2o_p --> murein4p3p_p,154.1342065529143,-1999949.5026347768,2000201.4333636859,0.0,0.00030618730916334014,0.3333333333333333,0.3333333333333333,True
MTHFC,h2o_c + methf_c --> 10fthf_c + h_c,-11.869393843635407,-56.89091864060132,12.485615639645783,0.359927142400076,7.41085393845846,0.0,1.0,True
MTHFD,nadp_c + mlthf_c --> nadph_c + methf_c,7.6013822092661485,-37.25093761147245,34.14817545316538,0.359927142400076,7.41085393845846,0.5,1.0,True
TRPS2,indole_c + ser_DASH_L_c --> trp_DASH_L_c + h2o_c,-49.6032899226509,-49.90753728124203,4.530719435154076,0.0,0.10728821222474033,0.5,1.0,True
TRPS3,3ig3p_c --> indole_c + g3p_c,19.185901680344728,-45.726490411983235,33.024283276712225,9.99999999999998e-05,0.03574219331028443,0.0,1.0,True
FBP,fdp_c + h2o_c --> f6p_c + pi_c,-9.224946512649694,-61.675485097455486,-26.43490695979022,0.0,4.863618970900387,0.5,1.0,True
EX_h2o_LPAREN_e_RPAREN__reverse, --> h2o_e,-154.1342065529143,-130.1843690765487,-121.7463598326571,0.0,966.8630792738763,1.0,1.0,True
IMPSYN_1,2 gln_DASH_L_c + 3 atp_c + 2 h2o_c + fgam_c + gly_c + prpp_c --> 3 adp_c + 3 pi_c + 2 glu_DASH_L_c + 4 h_c + ppi_c + gar_c + air_c,1316.1191936890464,1070.4845034091961,1390.9321293356722,0.28034515135009885,0.2815456453706731,0.3333333333333333,1.0,False
IMPSYN_3,aicar_c + 10fthf_c --> imp_c + thf_c + h2o_c,-1608.7619009610194,-1649.8216998360233,-1553.605268392048,0.33951735053861104,0.3409712317533966,0.2,1.0,True
IMPSYN_2,2 atp_c + asp_DASH_L_c + hco3_c + air_c --> 2 adp_c + fum_c + 2 pi_c + aicar_c + 2 h_c,174.4545947658662,58.776140227490075,242.5957835857801,0.28020146225773457,0.2814013409730543,0.375,1.0,False
PPA2,pppi_c + h2o_c --> ppi_c + pi_c + h_c,-2842.128595086395,-1002887.1501198835,997146.6019170922,0.0,4.863618970703158,0.0,0.8,True
HSDy_reverse,nadph_c + aspsa_c + h_c --> nadp_c + hom_DASH_L_c,-17.7530025084385,-48.51880037428339,31.318321934245816,0.44145219682941667,3.02961119275849,0.5,1.0,True
FBA,fdp_c --> dhap_c + g3p_c,21.557454596088064,-30.486211019926223,14.066297962745097,0.38445622958634496,9.845662091385217,0.6666666666666666,1.0,True
EX_h2o_LPAREN_e_RPAREN_,h2o_e --> ,154.1342065529143,121.7463598326571,130.1843690765487,33.13692072612711,1000.0,1.0,1.0,False
COBALT2tex,cobalt2_e --> cobalt2_p,0.0,-2006976.3567594213,1993147.161709421,1.5464296936006134e-05,1.5530518149089805e-05,1.0,0.0,True
NDPK2_reverse,adp_c + utp_c --> atp_c + udp_c,12.21788715486764,-9.490363684032204,41.44753280932053,0.000100000275024215,995.986571033128,1.0,1.0,True
CYTBD2pp,0.5 o2_c + mql8_c + 2 h_c --> mqn8_c + 2 h_p + h2o_c,-181.39047720693156,-8011.794068196084,-7912.8845015622155,0.0,9.727237941408656,0.0,1.0,True
ASAD,nadp_c + pi_c + aspsa_c --> 4pasp_c + nadph_c + h_c,-21.573931352444447,-57.052011764734004,31.223119787686457,0.0,2.579575047539793,0.4,1.0,True
O2tpp,o2_p --> o2_c,0.0,-51.541497544069955,54.39576420541444,15.2109506362358,16.0,0.5,1.0,True
hom_DASH_L_to_thr_DASH_L,atp_c + h2o_c + hom_DASH_L_c --> adp_c + pi_c + h_c + thr_DASH_L_c,-62.590659892170606,-135.56840890222784,-56.93415098360177,0.34073774130518486,1.890311916055929,0.5,1.0,True
ADMDC,amet_c + h_c --> ametam_c + co2_c,114.63820212000155,55.69530279226555,139.6918500807763,0.00434546743901763,0.004364075599894235,0.0,1.0,False
GLUSy,gln_DASH_L_c + akg_c + nadph_c + h_c --> nadp_c + 2 glu_DASH_L_c,-43.90537302403766,-47.10330872307567,15.991930397210226,5.347299490786838,8.07378292263751,1.0,1.0,True
COFACTOR_4,2 iscssh_c + iscu_DASH_2fe2s_c + 2 fadh2_c + 2 fe2_c --> 2 fad_c + iscu_c + 2 iscs_c + 4fe4s_c,-100.73517141744378,-7000185.2972637145,7000027.540992118,0.0001617307721224029,0.00016242333564256422,0.125,0.375,True
COFACTOR_5,moco_c + 2 gtp_c + mptamp_c + 2 h_c --> 2 ppi_c + bmocogdp_c + cu2_c + amp_c,575.9777542852207,-3999523.3944840017,4000624.07844943,7.474410185736549e-05,7.506417105393406e-05,0.2857142857142857,0.5,True
COFACTOR_6,nadh_c + 2 ipdp_c + h2mb4p_c + h_c --> frdp_c + 2 ppi_c + h2o_c + nad_c,-3896.9704289706824,-3945.9494696070474,-3773.4505021327514,0.0006101953832665975,0.0006128083619642081,0.2857142857142857,1.0,True
COFACTOR_7,atp_c + nadph_c + ctp_c + 2 h_c + dxyl5p_c + 2 flxr_c --> adp_c + cmp_c + nadp_c + ppi_c + h2o_c + 2 flxso_c + h2mb4p_c,-26.594348613905822,-4000158.823270997,4000083.6964912084,0.004269434645749184,0.00428771721897886,0.5,0.8461538461538461,True
COFACTOR_1,atp_c + nadph_c + glu_DASH_L_c + h_c --> nadp_c + 5aop_c + ppi_c + amp_c,5.6763224088158495,-77.13455101686074,19.50983002847906,0.0034485382167294826,0.0034633055472470266,0.7142857142857143,1.0,True
COFACTOR_2,atp_c + 3 fum_c + 6 h_c + o2_c + octdp_c + uppg3_c + akg_c + fe2_c + ichor_c --> 8 co2_c + 2dmmql8_c + pheme_c + 3 h2o_c + amp_c + 3 succ_c + pyr_c + 2 ppi_c,-7605.79419932805,-3007882.1070436793,2992517.8443810116,0.000287378184727457,0.0002886087956039189,0.375,0.8235294117647058,True
EX_nh4_LPAREN_e_RPAREN__reverse, --> nh4_e,89.22037037282155,13.752371141514786,95.05268547181508,6.7696757561887,6.798664862035486,1.0,1.0,False
thr_DASH_L_to_gly,coa_c + nad_c + thr_DASH_L_c --> accoa_c + gly_c + nadh_c + h_c,-12.077837733583692,-62.487669328981895,17.911722202558934,3.96349619791181e-14,1.549574174807668,0.8333333333333334,1.0,True
ACONTa_reverse,h2o_c + acon_DASH_C_c --> cit_c,-8.314703617072837,-28.412615881279905,-1.7659093065289486,0.0,6.961700075372012,0.6666666666666666,1.0,True
TPI_reverse,g3p_c --> dhap_c,-5.453632858017045,-19.320821261053556,16.18503824757366,0.0,5.8834236008028515,0.5,1.0,True
MTAN,5mta_c + h2o_c --> 5mtr_c + ade_c,-715.7055118851348,-797.4432952495654,-718.4275840566385,0.00434546743901816,0.004364075599894235,0.25,1.0,True
NTD8,h2o_c + dgmp_c --> pi_c + dgsn_c,42.91246470080898,-27.23131525262899,56.76523203588175,0.0,0.00030151712649969706,0.0,1.0,True
NTD9,gmp_c + h2o_c --> gsn_c + pi_c,2068.259025797838,2006.0135296784733,2052.614225462431,0.0,4.863618970275984,0.5,1.0,True
NTD6,h2o_c + damp_c --> dad_DASH_2_c + pi_c,539.3744956269978,493.53657947782546,548.9789544575423,0.000100000090698327,0.000401517217198024,0.25,1.0,False
NTD7,h2o_c + amp_c --> pi_c + adn_c,-14.439721971859626,-69.21778982167916,-30.061353111399427,4.33680868994202e-19,1.10957190008685,0.5,1.0,True
NTD4,cmp_c + h2o_c --> pi_c + cytd_c,516.0771230958835,458.6049143382251,518.5169615528278,0.0,4.865910876494955,0.25,1.0,True
NTD5,h2o_c + dtmp_c --> thymd_c + pi_c,700.9058078779827,647.9392646565816,707.2604343280157,0.0338153973622414,4.897434367638361,0.25,1.0,False
NTD2,ump_c + h2o_c --> uri_c + pi_c,519.3523740488813,464.7209069161323,508.21845286581504,9.99999444473154e-05,0.419892548538147,0.5,1.0,False
NTD3,dcmp_c + h2o_c --> dcyt_c + pi_c,41.279014107113426,-10.947485159847638,56.207187861350874,0.0,0.00030151712649969695,0.25,1.0,True
NTD1,dump_c + h2o_c --> duri_c + pi_c,34.020024104367394,-20.53593476508817,46.598680487332594,0.0,4.86361897050855,0.25,1.0,True
MLDEP2pp,murein5px3p_p + h2o_p --> murein5p3p_p,154.1342065529143,-1999949.5026347768,2000201.4333636859,1.817755577356046e-05,0.0006940255086243463,0.3333333333333333,0.3333333333333333,True
HSDy,nadp_c + hom_DASH_L_c --> nadph_c + aspsa_c + h_c,17.7530025084385,-31.318321934245816,48.51880037428339,0.0,2.5881589959290734,0.5,1.0,True
METAT,atp_c + met_DASH_L_c + h2o_c --> ppi_c + amet_c + pi_c,-544.1362254812768,-612.3887629333274,-535.487367123764,0.00649542552111039,0.42859384976002823,0.3333333333333333,1.0,True
GLYCLTDx,nadh_c + glx_c + h_c --> glyclt_c + nad_c,-39.24271885729013,-55.4182791355489,-7.190425471048393,5.32907051820075e-15,6.484825294841435,1.0,1.0,True
APPLDHr_reverse,appl_c + nad_c --> nadh_c + aact_c + h_c,5.8374561288599125,-52.992428098879536,41.69199585127815,0.00768188386904848,1000.0,0.5,1.0,True
QUINDH,quin_c + nad_c --> nadh_c + 3dhq_c + 2 h_c,11.29695641506055,-44.44192593049291,44.06049425529234,3.37401218075684e-11,0.969411172648411,0.5,1.0,True
PPCK,atp_c + oaa_c --> adp_c + co2_c + pep_c,11.034475791351724,-47.07913064443393,14.784421787926632,0.0,5.251823880307867,0.6,1.0,True
PFK,atp_c + f6p_c --> adp_c + fdp_c + h_c,-20.596345851705337,-45.59075539214115,-0.8193173582779849,0.384456229683388,10.99379942081324,1.0,1.0,True
PFL,coa_c + pyr_c --> for_c + accoa_c,-21.636855444096227,-48.142669562531516,5.698272632563672,9.99999465572943e-05,1.4158537750186946,0.75,1.0,True
EX_co2_LPAREN_e_RPAREN_,co2_e --> ,386.0,378.6253838367765,387.06339308066805,16.523176130123485,1000.0,1.0,1.0,False
EX_ca2_LPAREN_e_RPAREN__reverse, --> ca2_e,0.0,-1000071.2489946093,999994.0630484279,0.0031907999344625683,0.0032044635780955296,1.0,0.0,True
MDDCP3pp,murein5p5p_p + h2o_p --> ala_DASH_D_p + murein5p4p_p,83.95162114007633,-2000095.153219421,2000135.469782895,9.99999870749946e-05,0.0006905677940248308,0.25,0.5,True
